Workbook
Name CicloObjetivo: Parametros!$B$4
Name VentanaCosecha: Parametros!$B$5

Sheet Dashboard Ciclos
A1: 🌴 CICLOS DE COSECHA · Vitis Olei
A2: Fecha del informe: | B2: 46249 | D2: ="Universo: "&COUNTA('Registro Diario'!$E$2:$E$126)&" lotes · "&COUNTIFS('Registro Diario'!$R$2:$R$126,"<>",'Registro Diario'!$R$2:$R$126,">=0")&" productivos · "&COUNTIF('Registro Diario'!$S$2:$S$126,"Sin dato")&" en desarrollo (sin ciclo)" -> Universo: 125 lotes · 94 productivos · 31 en desarrollo (sin ciclo)
A4: 🌾 RECIÉN CORTADO (<5 días) | C4: ✅ EN CICLO (5–12 días) | E4: ⚠️ FUERA DE CICLO (>12 días) | G4: 🔴 MAYOR CICLO (días)
A5: =ROUND(SUMIFS('Registro Diario'!$J$2:$J$126,'Registro Diario'!$T$2:$T$126,"Recién cortado"),1) -> 731 | C5: =ROUND(SUMIFS('Registro Diario'!$J$2:$J$126,'Registro Diario'!$T$2:$T$126,"En ciclo"),1) -> 949.3 | E5: =ROUND(SUMIFS('Registro Diario'!$J$2:$J$126,'Registro Diario'!$T$2:$T$126,"Fuera de ciclo"),1) -> 655.9 | G5: =MAX('Registro Diario'!$R$2:$R$126) -> 22
A6: =COUNTIFS('Registro Diario'!$T$2:$T$126,"Recién cortado")&" lotes · hás" -> 25 lotes · hás | C6: =COUNTIFS('Registro Diario'!$T$2:$T$126,"En ciclo")&" lotes · hás" -> 44 lotes · hás | E6: =COUNTIFS('Registro Diario'!$T$2:$T$126,"Fuera de ciclo")&" lotes · hás" -> 25 lotes · hás | G6: =INDEX('Registro Diario'!$E$2:$E$126,MATCH(MAX('Registro Diario'!$R$2:$R$126),'Registro Diario'!$R$2:$R$126,0)) -> La Pradera-42
A8: INFORME GENERAL
A9: Estado ciclo | B9: Hás | C9: # Lotes | D9: % Hás | E9: Equivalencia
A10: En ciclo | B10: =ROUND(SUMIFS('Registro Diario'!$J$2:$J$126,'Registro Diario'!$S$2:$S$126,$A10),1) -> 1680.3 | C10: =COUNTIFS('Registro Diario'!$S$2:$S$126,$A10) -> 69 | D10: =IF($B$15=0,0,B10/$B$15) -> 0.71927572 | E10: ciclo ≤ 12 días
A11: Vencido 1-5 d | B11: =ROUND(SUMIFS('Registro Diario'!$J$2:$J$126,'Registro Diario'!$S$2:$S$126,$A11),1) -> 493.4 | C11: =COUNTIFS('Registro Diario'!$S$2:$S$126,$A11) -> 20 | D11: =IF($B$15=0,0,B11/$B$15) -> 0.21120671 | E11: ciclo 13–17 d
A12: Vencido 6-10 d | B12: =ROUND(SUMIFS('Registro Diario'!$J$2:$J$126,'Registro Diario'!$S$2:$S$126,$A12),1) -> 162.4 | C12: =COUNTIFS('Registro Diario'!$S$2:$S$126,$A12) -> 5 | D12: =IF($B$15=0,0,B12/$B$15) -> 0.069517572 | E12: ciclo 18–22 d
A13: Vencido 11-15 d | B13: =ROUND(SUMIFS('Registro Diario'!$J$2:$J$126,'Registro Diario'!$S$2:$S$126,$A13),1) -> 0 | C13: =COUNTIFS('Registro Diario'!$S$2:$S$126,$A13) -> 0 | D13: =IF($B$15=0,0,B13/$B$15) -> 0 | E13: ciclo 23–27 d
A14: Vencido +15 d | B14: =ROUND(SUMIFS('Registro Diario'!$J$2:$J$126,'Registro Diario'!$S$2:$S$126,$A14),1) -> 0 | C14: =COUNTIFS('Registro Diario'!$S$2:$S$126,$A14) -> 0 | D14: =IF($B$15=0,0,B14/$B$15) -> 0 | E14: ciclo ≥ 28 d
A15: Total con dato | B15: =SUM(B10:B14) -> 2336.1 | C15: =SUM(C10:C14) -> 94 | D15: =IF($B$15=0,0,B15/$B$15) -> 1
A32: INFORME POR ZONA (Hás)
A33: Zona | B33: En ciclo | C33: Vencido 1-5 d | D33: Vencido 6-10 d | E33: Vencido 11-15 d | F33: Vencido +15 d | G33: Total fuera | H33: Mayor ciclo | I33: Lote mayor ciclo
A34: 1 | B34: =ROUND(SUMIFS('Registro Diario'!$J$2:$J$126,'Registro Diario'!$B$2:$B$126,$A34,'Registro Diario'!$S$2:$S$126,"En ciclo"),1) -> 216.3 | C34: =ROUND(SUMIFS('Registro Diario'!$J$2:$J$126,'Registro Diario'!$B$2:$B$126,$A34,'Registro Diario'!$S$2:$S$126,"Vencido 1-5 d"),1) -> 224.7 | D34: =ROUND(SUMIFS('Registro Diario'!$J$2:$J$126,'Registro Diario'!$B$2:$B$126,$A34,'Registro Diario'!$S$2:$S$126,"Vencido 6-10 d"),1) -> 104.5 | E34: =ROUND(SUMIFS('Registro Diario'!$J$2:$J$126,'Registro Diario'!$B$2:$B$126,$A34,'Registro Diario'!$S$2:$S$126,"Vencido 11-15 d"),1) -> 0 | F34: =ROUND(SUMIFS('Registro Diario'!$J$2:$J$126,'Registro Diario'!$B$2:$B$126,$A34,'Registro Diario'!$S$2:$S$126,"Vencido +15 d"),1) -> 0 | G34: =SUM(C34:F34) -> 329.2 | H34: =IFERROR(_xlfn.MAXIFS('Registro Diario'!$R$2:$R$126,'Registro Diario'!$B$2:$B$126,$A34),0) -> 19 | I34: =IFERROR(INDEX('Registro Diario'!$E$2:$E$126,MATCH(1,INDEX(('Registro Diario'!$R$2:$R$126=$H34)*('Registro Diario'!$B$2:$B$126=$A34),0),0)),"—") -> El Cristal-12
A35: 2 | B35: =ROUND(SUMIFS('Registro Diario'!$J$2:$J$126,'Registro Diario'!$B$2:$B$126,$A35,'Registro Diario'!$S$2:$S$126,"En ciclo"),1) -> 480.7 | C35: =ROUND(SUMIFS('Registro Diario'!$J$2:$J$126,'Registro Diario'!$B$2:$B$126,$A35,'Registro Diario'!$S$2:$S$126,"Vencido 1-5 d"),1) -> 47.8 | D35: =ROUND(SUMIFS('Registro Diario'!$J$2:$J$126,'Registro Diario'!$B$2:$B$126,$A35,'Registro Diario'!$S$2:$S$126,"Vencido 6-10 d"),1) -> 0 | E35: =ROUND(SUMIFS('Registro Diario'!$J$2:$J$126,'Registro Diario'!$B$2:$B$126,$A35,'Registro Diario'!$S$2:$S$126,"Vencido 11-15 d"),1) -> 0 | F35: =ROUND(SUMIFS('Registro Diario'!$J$2:$J$126,'Registro Diario'!$B$2:$B$126,$A35,'Registro Diario'!$S$2:$S$126,"Vencido +15 d"),1) -> 0 | G35: =SUM(C35:F35) -> 47.8 | H35: =IFERROR(_xlfn.MAXIFS('Registro Diario'!$R$2:$R$126,'Registro Diario'!$B$2:$B$126,$A35),0) -> 15 | I35: =IFERROR(INDEX('Registro Diario'!$E$2:$E$126,MATCH(1,INDEX(('Registro Diario'!$R$2:$R$126=$H35)*('Registro Diario'!$B$2:$B$126=$A35),0),0)),"—") -> La Vitrina-22
A36: 3 | B36: =ROUND(SUMIFS('Registro Diario'!$J$2:$J$126,'Registro Diario'!$B$2:$B$126,$A36,'Registro Diario'!$S$2:$S$126,"En ciclo"),1) -> 393.1 | C36: =ROUND(SUMIFS('Registro Diario'!$J$2:$J$126,'Registro Diario'!$B$2:$B$126,$A36,'Registro Diario'!$S$2:$S$126,"Vencido 1-5 d"),1) -> 87.8 | D36: =ROUND(SUMIFS('Registro Diario'!$J$2:$J$126,'Registro Diario'!$B$2:$B$126,$A36,'Registro Diario'!$S$2:$S$126,"Vencido 6-10 d"),1) -> 57.9 | E36: =ROUND(SUMIFS('Registro Diario'!$J$2:$J$126,'Registro Diario'!$B$2:$B$126,$A36,'Registro Diario'!$S$2:$S$126,"Vencido 11-15 d"),1) -> 0 | F36: =ROUND(SUMIFS('Registro Diario'!$J$2:$J$126,'Registro Diario'!$B$2:$B$126,$A36,'Registro Diario'!$S$2:$S$126,"Vencido +15 d"),1) -> 0 | G36: =SUM(C36:F36) -> 145.7 | H36: =IFERROR(_xlfn.MAXIFS('Registro Diario'!$R$2:$R$126,'Registro Diario'!$B$2:$B$126,$A36),0) -> 22 | I36: =IFERROR(INDEX('Registro Diario'!$E$2:$E$126,MATCH(1,INDEX(('Registro Diario'!$R$2:$R$126=$H36)*('Registro Diario'!$B$2:$B$126=$A36),0),0)),"—") -> La Pradera-42
A37: 4 | B37: =ROUND(SUMIFS('Registro Diario'!$J$2:$J$126,'Registro Diario'!$B$2:$B$126,$A37,'Registro Diario'!$S$2:$S$126,"En ciclo"),1) -> 506.3 | C37: =ROUND(SUMIFS('Registro Diario'!$J$2:$J$126,'Registro Diario'!$B$2:$B$126,$A37,'Registro Diario'!$S$2:$S$126,"Vencido 1-5 d"),1) -> 30.1 | D37: =ROUND(SUMIFS('Registro Diario'!$J$2:$J$126,'Registro Diario'!$B$2:$B$126,$A37,'Registro Diario'!$S$2:$S$126,"Vencido 6-10 d"),1) -> 0 | E37: =ROUND(SUMIFS('Registro Diario'!$J$2:$J$126,'Registro Diario'!$B$2:$B$126,$A37,'Registro Diario'!$S$2:$S$126,"Vencido 11-15 d"),1) -> 0 | F37: =ROUND(SUMIFS('Registro Diario'!$J$2:$J$126,'Registro Diario'!$B$2:$B$126,$A37,'Registro Diario'!$S$2:$S$126,"Vencido +15 d"),1) -> 0 | G37: =SUM(C37:F37) -> 30.1 | H37: =IFERROR(_xlfn.MAXIFS('Registro Diario'!$R$2:$R$126,'Registro Diario'!$B$2:$B$126,$A37),0) -> 14 | I37: =IFERROR(INDEX('Registro Diario'!$E$2:$E$126,MATCH(1,INDEX(('Registro Diario'!$R$2:$R$126=$H37)*('Registro Diario'!$B$2:$B$126=$A37),0),0)),"—") -> Rines-61
A38: 5 | B38: =ROUND(SUMIFS('Registro Diario'!$J$2:$J$126,'Registro Diario'!$B$2:$B$126,$A38,'Registro Diario'!$S$2:$S$126,"En ciclo"),1) -> 84 | C38: =ROUND(SUMIFS('Registro Diario'!$J$2:$J$126,'Registro Diario'!$B$2:$B$126,$A38,'Registro Diario'!$S$2:$S$126,"Vencido 1-5 d"),1) -> 103 | D38: =ROUND(SUMIFS('Registro Diario'!$J$2:$J$126,'Registro Diario'!$B$2:$B$126,$A38,'Registro Diario'!$S$2:$S$126,"Vencido 6-10 d"),1) -> 0 | E38: =ROUND(SUMIFS('Registro Diario'!$J$2:$J$126,'Registro Diario'!$B$2:$B$126,$A38,'Registro Diario'!$S$2:$S$126,"Vencido 11-15 d"),1) -> 0 | F38: =ROUND(SUMIFS('Registro Diario'!$J$2:$J$126,'Registro Diario'!$B$2:$B$126,$A38,'Registro Diario'!$S$2:$S$126,"Vencido +15 d"),1) -> 0 | G38: =SUM(C38:F38) -> 103 | H38: =IFERROR(_xlfn.MAXIFS('Registro Diario'!$R$2:$R$126,'Registro Diario'!$B$2:$B$126,$A38),0) -> 16 | I38: =IFERROR(INDEX('Registro Diario'!$E$2:$E$126,MATCH(1,INDEX(('Registro Diario'!$R$2:$R$126=$H38)*('Registro Diario'!$B$2:$B$126=$A38),0),0)),"—") -> Paso Barinas-2A
A39: Total | B39: =SUM(B34:B38) -> 1680.4 | C39: =SUM(C34:C38) -> 493.4 | D39: =SUM(D34:D38) -> 162.4 | E39: =SUM(E34:E38) -> 0 | F39: =SUM(F34:F38) -> 0 | G39: =SUM(G34:G38) -> 655.8 | H39: =MAX(H34:H38) -> 22
A41: PARTICIPACIÓN % POR ZONA (sobre hás con dato de cada zona)
A42: Zona | B42: En ciclo | C42: Vencido 1-5 d | D42: Vencido 6-10 d | E42: Vencido 11-15 d | F42: Vencido +15 d | G42: Total hás zona
A43: =A34 -> 1 | B43: =IF($B34+$G34=0,0,B34/($B34+$G34)) -> 0.39651696 | C43: =IF($B34+$G34=0,0,C34/($B34+$G34)) -> 0.41191567 | D43: =IF($B34+$G34=0,0,D34/($B34+$G34)) -> 0.19156737 | E43: =IF($B34+$G34=0,0,E34/($B34+$G34)) -> 0 | F43: =IF($B34+$G34=0,0,F34/($B34+$G34)) -> 0 | G43: =B34+G34 -> 545.5
A44: =A35 -> 2 | B44: =IF($B35+$G35=0,0,B35/($B35+$G35)) -> 0.90955535 | C44: =IF($B35+$G35=0,0,C35/($B35+$G35)) -> 0.090444655 | D44: =IF($B35+$G35=0,0,D35/($B35+$G35)) -> 0 | E44: =IF($B35+$G35=0,0,E35/($B35+$G35)) -> 0 | F44: =IF($B35+$G35=0,0,F35/($B35+$G35)) -> 0 | G44: =B35+G35 -> 528.5
A45: =A36 -> 3 | B45: =IF($B36+$G36=0,0,B36/($B36+$G36)) -> 0.72958426 | C45: =IF($B36+$G36=0,0,C36/($B36+$G36)) -> 0.16295471 | D45: =IF($B36+$G36=0,0,D36/($B36+$G36)) -> 0.10746102 | E45: =IF($B36+$G36=0,0,E36/($B36+$G36)) -> 0 | F45: =IF($B36+$G36=0,0,F36/($B36+$G36)) -> 0 | G45: =B36+G36 -> 538.8
A46: =A37 -> 4 | B46: =IF($B37+$G37=0,0,B37/($B37+$G37)) -> 0.94388516 | C46: =IF($B37+$G37=0,0,C37/($B37+$G37)) -> 0.05611484 | D46: =IF($B37+$G37=0,0,D37/($B37+$G37)) -> 0 | E46: =IF($B37+$G37=0,0,E37/($B37+$G37)) -> 0 | F46: =IF($B37+$G37=0,0,F37/($B37+$G37)) -> 0 | G46: =B37+G37 -> 536.4
A47: =A38 -> 5 | B47: =IF($B38+$G38=0,0,B38/($B38+$G38)) -> 0.44919786 | C47: =IF($B38+$G38=0,0,C38/($B38+$G38)) -> 0.55080214 | D47: =IF($B38+$G38=0,0,D38/($B38+$G38)) -> 0 | E47: =IF($B38+$G38=0,0,E38/($B38+$G38)) -> 0 | F47: =IF($B38+$G38=0,0,F38/($B38+$G38)) -> 0 | G47: =B38+G38 -> 187
A48: Total | B48: =IF($B$39+$G$39=0,0,B39/($B$39+$G$39)) -> 0.71928773 | C48: =IF($B$39+$G$39=0,0,C39/($B$39+$G$39)) -> 0.21119767 | D48: =IF($B$39+$G$39=0,0,D39/($B$39+$G$39)) -> 0.069514596 | E48: =IF($B$39+$G$39=0,0,E39/($B$39+$G$39)) -> 0 | F48: =IF($B$39+$G$39=0,0,F39/($B$39+$G$39)) -> 0 | G48: =B39+G39 -> 2336.2
A50: GLOSARIO DE ESTADOS
A51: Estado | B51: Descripción
A52: Recién cortado | B52: Ciclo < 5 días desde el último corte. El lote acaba de ser cosechado.
A53: En ciclo | B53: 5 – 12 días desde el corte. Lote dentro del ventana de cosecha óptima.
A54: Vencido 1-5 d | B54: Ciclo 13–17 días. Fuera de ciclo, urgencia baja.
A55: Vencido 6-10 d | B55: Ciclo 18–22 días. Fuera de ciclo, urgencia media.
A56: Vencido 11-15 d | B56: Ciclo 23–27 días. Fuera de ciclo, urgencia alta. Pérdida de calidad probable.
A57: Vencido +15 d | B57: Ciclo ≥ 28 días. Fuera de ciclo crítico. Pérdida de calidad y TEA.
A58: Sin dato | B58: Lote En Desarrollo: no tiene ciclo activo, excluido del cómputo de hás.
A81: 🔍 CONSULTA INTERACTIVA POR ZONA
A82: Seleccione zona ▼ | B82: 4 | C82: ← Todas, 1, 2, 3, 4 o 5
A83: Área recién cortada (<5d) | B83: =ROUND(SUMIFS('Registro Diario'!$J$2:$J$126,'Registro Diario'!$T$2:$T$126,"Recién cortado",'Registro Diario'!$B$2:$B$126,IF($B$82="Todas","<>",$B$82)),1) -> 139.1 | C83: =COUNTIFS('Registro Diario'!$T$2:$T$126,"Recién cortado",'Registro Diario'!$B$2:$B$126,IF($B$82="Todas","<>",$B$82))&" lotes" -> 6 lotes
A84: Área en ciclo (5–12d) | B84: =ROUND(SUMIFS('Registro Diario'!$J$2:$J$126,'Registro Diario'!$T$2:$T$126,"En ciclo",'Registro Diario'!$B$2:$B$126,IF($B$82="Todas","<>",$B$82)),1) -> 367.2 | C84: =COUNTIFS('Registro Diario'!$T$2:$T$126,"En ciclo",'Registro Diario'!$B$2:$B$126,IF($B$82="Todas","<>",$B$82))&" lotes" -> 21 lotes
A85: Área fuera de ciclo (>12d) | B85: =ROUND(SUMIFS('Registro Diario'!$J$2:$J$126,'Registro Diario'!$T$2:$T$126,"Fuera de ciclo",'Registro Diario'!$B$2:$B$126,IF($B$82="Todas","<>",$B$82)),1) -> 30.1 | C85: =COUNTIFS('Registro Diario'!$T$2:$T$126,"Fuera de ciclo",'Registro Diario'!$B$2:$B$126,IF($B$82="Todas","<>",$B$82))&" lotes" -> 2 lotes
A86: Mayor ciclo (días) | B86: =IFERROR(_xlfn.MAXIFS('Registro Diario'!$R$2:$R$126,'Registro Diario'!$B$2:$B$126,IF($B$82="Todas","<>",$B$82)),0) -> 14
A87: Lote con mayor ciclo | B87: =IFERROR(INDEX('Registro Diario'!$E$2:$E$126,MATCH(1,INDEX(('Registro Diario'!$R$2:$R$126=$B$86)*(IF($B$82="Todas",1,'Registro Diario'!$B$2:$B$126=$B$82)),0),0)),"—") -> —

Sheet Registro Diario
A1: Plantación | B1: Zona | C1: Finca | D1: Lote | E1: Lote (llave) | F1: Material | G1: Casa Comercial | H1: Año Siembra | I1: Edad | J1: Hás | K1: No Palmas MD | L1: Total Palmas | M1: Palmas sin RH 2026 | N1: Propietario | O1: Tipo Operación | P1: Estado | Q1: Fecha último corte | R1: Ciclo Hoy | S1: Estado ciclo | T1: Condición | U1: Días p/ vencer | V1: Fecha venc. proyectada | W1: =DATE(2026,7,1) -> 46204 | X1: =W1+1 -> 46205 | Y1: =X1+1 -> 46206 | Z1: =Y1+1 -> 46207 | AA1: =Z1+1 -> 46208 | AB1: =AA1+1 -> 46209 | AC1: =AB1+1 -> 46210 | AD1: =AC1+1 -> 46211 | AE1: =AD1+1 -> 46212 | ... GX1: =GW1+1 -> 46387
A2: Vitis | B2: 1 | C2: El Cristal | D2: 1 | E2: El Cristal-1 | F2: Deli x La Me | G2: Irho | H2: 2009 | I2: 17 | J2: 39.38 | K2: 179 | L2: 5644 | M2: 5465 | N2: Capitales y proyectos | O2: Administrado | P2: Productivo | Q2: =IF(R2="","",'Dashboard Ciclos'!$B$2-R2) -> 46231 | R2: =IF($E2="","",IFERROR(INDEX($W2:$GX2,MATCH('Dashboard Ciclos'!$B$2,$W$1:$GX$1,0)),"")) -> 18 | S2: =IF($Q2="","Sin dato",IF($R2<=CicloObjetivo,"En ciclo",IF($R2-CicloObjetivo<=5,"Vencido 1-5 d",IF($R2-CicloObjetivo<=10,"Vencido 6-10 d",IF($R2-CicloObjetivo<=15,"Vencido 11-15 d","Vencido +15 d"))))) -> Vencido 6-10 d | T2: =IF($Q2="","Sin dato",IF($R2<VentanaCosecha,"Recién cortado",IF($R2<=CicloObjetivo,"En ciclo","Fuera de ciclo"))) -> Fuera de ciclo | U2: =IF($Q2="","",CicloObjetivo-$R2) -> -6 | V2: =IF($Q2="","",$Q2+CicloObjetivo) -> 46243 | W2: =+X2-1 -> 30 | X2: =+Y2-1 -> 31 | Y2: =+Z2-1 -> 32 | Z2: =+AA2-1 -> 33 | AA2: 34 | AB2: 0 | AC2: =IF(AB2="","",AB2+1) -> 1 | AD2: =IF(AC2="","",AC2+1) -> 2 | AE2: =IF(AD2="","",AD2+1) -> 3 | AF2: =IF(AE2="","",AE2+1) -> 4 | AG2: =IF(AF2="","",AF2+1) -> 5 | AH2: =IF(AG2="","",AG2+1) -> 6 | AI2: =IF(AH2="","",AH2+1) -> 7 | AJ2: =IF(AI2="","",AI2+1) -> 8 | ... AW2: =IF(AV2="","",AV2+1) -> 21 | AX2: 0 | AY2: =IF(AX2="","",AX2+1) -> 1 | AZ2: =IF(AY2="","",AY2+1) -> 2 | BA2: =IF(AZ2="","",AZ2+1) -> 3 | BB2: =IF(BA2="","",BA2+1) -> 4 | BC2: =IF(BB2="","",BB2+1) -> 5 | BD2: =IF(BC2="","",BC2+1) -> 6 | BE2: =IF(BD2="","",BD2+1) -> 7 | BF2: =IF(BE2="","",BE2+1) -> 8 | ... GX2: =IF(GW2="","",GW2+1) -> 156
A3: Vitis | B3: 1 | C3: El Cristal | D3: 2 | E3: El Cristal-2 | F3: Deli x La Me | G3: Irho | H3: 2009 | I3: 17 | J3: 55.25 | K3: 0 | L3: 7820 | M3: 7820 | N3: Capitales y proyectos | O3: Administrado | P3: Productivo | Q3: =IF(R3="","",'Dashboard Ciclos'!$B$2-R3) -> 46232 | R3: =IF($E3="","",IFERROR(INDEX($W3:$GX3,MATCH('Dashboard Ciclos'!$B$2,$W$1:$GX$1,0)),"")) -> 17 | S3: =IF($Q3="","Sin dato",IF($R3<=CicloObjetivo,"En ciclo",IF($R3-CicloObjetivo<=5,"Vencido 1-5 d",IF($R3-CicloObjetivo<=10,"Vencido 6-10 d",IF($R3-CicloObjetivo<=15,"Vencido 11-15 d","Vencido +15 d"))))) -> Vencido 1-5 d | T3: =IF($Q3="","Sin dato",IF($R3<VentanaCosecha,"Recién cortado",IF($R3<=CicloObjetivo,"En ciclo","Fuera de ciclo"))) -> Fuera de ciclo | U3: =IF($Q3="","",CicloObjetivo-$R3) -> -5 | V3: =IF($Q3="","",$Q3+CicloObjetivo) -> 46244 | W3: =+X3-1 -> 28 | X3: =+Y3-1 -> 29 | Y3: =+Z3-1 -> 30 | Z3: =+AA3-1 -> 31 | AA3: 32 | AB3: =IF(AA3="","",AA3+1) -> 33 | AC3: =IF(AB3="","",AB3+1) -> 34 | AD3: =IF(AC3="","",AC3+1) -> 35 | AE3: 0 | AF3: =IF(AE3="","",AE3+1) -> 1 | AG3: =IF(AF3="","",AF3+1) -> 2 | AH3: =IF(AG3="","",AG3+1) -> 3 | AI3: =IF(AH3="","",AH3+1) -> 4 | AJ3: =IF(AI3="","",AI3+1) -> 5 | AK3: =IF(AJ3="","",AJ3+1) -> 6 | AL3: =IF(AK3="","",AK3+1) -> 7 | AM3: =IF(AL3="","",AL3+1) -> 8 | ... AX3: =IF(AW3="","",AW3+1) -> 19 | AY3: 0 | AZ3: =IF(AY3="","",AY3+1) -> 1 | BA3: =IF(AZ3="","",AZ3+1) -> 2 | BB3: =IF(BA3="","",BA3+1) -> 3 | BC3: =IF(BB3="","",BB3+1) -> 4 | BD3: =IF(BC3="","",BC3+1) -> 5 | BE3: =IF(BD3="","",BD3+1) -> 6 | BF3: =IF(BE3="","",BE3+1) -> 7 | BG3: =IF(BF3="","",BF3+1) -> 8 | ... GX3: =IF(GW3="","",GW3+1) -> 155
A4: Vitis | B4: 1 | C4: El Cristal | D4: 3 | E4: El Cristal-3 | F4: Deli x Mezcla | G4: Mezcla | H4: 2009 | I4: 17 | J4: 37.93 | K4: 0 | L4: 5368 | M4: 5368 | N4: Capitales y proyectos | O4: Administrado | P4: Productivo | Q4: =IF(R4="","",'Dashboard Ciclos'!$B$2-R4) -> 46233 | R4: =IF($E4="","",IFERROR(INDEX($W4:$GX4,MATCH('Dashboard Ciclos'!$B$2,$W$1:$GX$1,0)),"")) -> 16 | S4: =IF($Q4="","Sin dato",IF($R4<=CicloObjetivo,"En ciclo",IF($R4-CicloObjetivo<=5,"Vencido 1-5 d",IF($R4-CicloObjetivo<=10,"Vencido 6-10 d",IF($R4-CicloObjetivo<=15,"Vencido 11-15 d","Vencido +15 d"))))) -> Vencido 1-5 d | T4: =IF($Q4="","Sin dato",IF($R4<VentanaCosecha,"Recién cortado",IF($R4<=CicloObjetivo,"En ciclo","Fuera de ciclo"))) -> Fuera de ciclo | U4: =IF($Q4="","",CicloObjetivo-$R4) -> -4 | V4: =IF($Q4="","",$Q4+CicloObjetivo) -> 46245 | W4: =+X4-1 -> 28 | X4: =+Y4-1 -> 29 | Y4: =+Z4-1 -> 30 | Z4: =+AA4-1 -> 31 | AA4: 32 | AB4: =IF(AA4="","",AA4+1) -> 33 | AC4: =IF(AB4="","",AB4+1) -> 34 | AD4: =IF(AC4="","",AC4+1) -> 35 | AE4: =IF(AD4="","",AD4+1) -> 36 | AF4: =IF(AE4="","",AE4+1) -> 37 | AG4: =IF(AF4="","",AF4+1) -> 38 | AH4: 0 | AI4: =IF(AH4="","",AH4+1) -> 1 | AJ4: =IF(AI4="","",AI4+1) -> 2 | AK4: =IF(AJ4="","",AJ4+1) -> 3 | AL4: =IF(AK4="","",AK4+1) -> 4 | AM4: =IF(AL4="","",AL4+1) -> 5 | AN4: =IF(AM4="","",AM4+1) -> 6 | AO4: =IF(AN4="","",AN4+1) -> 7 | AP4: =IF(AO4="","",AO4+1) -> 8 | ... AY4: =IF(AX4="","",AX4+1) -> 17 | AZ4: 0 | BA4: =IF(AZ4="","",AZ4+1) -> 1 | BB4: =IF(BA4="","",BA4+1) -> 2 | BC4: =IF(BB4="","",BB4+1) -> 3 | BD4: =IF(BC4="","",BC4+1) -> 4 | BE4: =IF(BD4="","",BD4+1) -> 5 | BF4: =IF(BE4="","",BE4+1) -> 6 | BG4: =IF(BF4="","",BF4+1) -> 7 | BH4: =IF(BG4="","",BG4+1) -> 8 | ... GX4: =IF(GW4="","",GW4+1) -> 154
A5: Vitis | B5: 1 | C5: El Cristal | D5: 4 | E5: El Cristal-4 | F5: Deli x Nigeria | G5: Asd | H5: 2009 | I5: 17 | J5: 48.81 | K5: 0 | L5: 6820 | M5: 6820 | N5: Capitales y proyectos | O5: Administrado | P5: Productivo | Q5: =IF(R5="","",'Dashboard Ciclos'!$B$2-R5) -> 46234 | R5: =IF($E5="","",IFERROR(INDEX($W5:$GX5,MATCH('Dashboard Ciclos'!$B$2,$W$1:$GX$1,0)),"")) -> 15 | S5: =IF($Q5="","Sin dato",IF($R5<=CicloObjetivo,"En ciclo",IF($R5-CicloObjetivo<=5,"Vencido 1-5 d",IF($R5-CicloObjetivo<=10,"Vencido 6-10 d",IF($R5-CicloObjetivo<=15,"Vencido 11-15 d","Vencido +15 d"))))) -> Vencido 1-5 d | T5: =IF($Q5="","Sin dato",IF($R5<VentanaCosecha,"Recién cortado",IF($R5<=CicloObjetivo,"En ciclo","Fuera de ciclo"))) -> Fuera de ciclo | U5: =IF($Q5="","",CicloObjetivo-$R5) -> -3 | V5: =IF($Q5="","",$Q5+CicloObjetivo) -> 46246 | W5: =+X5-1 -> 22 | X5: =+Y5-1 -> 23 | Y5: =+Z5-1 -> 24 | Z5: =+AA5-1 -> 25 | AA5: 26 | AB5: =IF(AA5="","",AA5+1) -> 27 | AC5: =IF(AB5="","",AB5+1) -> 28 | AD5: =IF(AC5="","",AC5+1) -> 29 | AE5: =IF(AD5="","",AD5+1) -> 30 | AF5: =IF(AE5="","",AE5+1) -> 31 | AG5: =IF(AF5="","",AF5+1) -> 32 | AH5: =IF(AG5="","",AG5+1) -> 33 | AI5: 0 | AJ5: =IF(AI5="","",AI5+1) -> 1 | AK5: =IF(AJ5="","",AJ5+1) -> 2 | AL5: =IF(AK5="","",AK5+1) -> 3 | AM5: =IF(AL5="","",AL5+1) -> 4 | AN5: =IF(AM5="","",AM5+1) -> 5 | AO5: =IF(AN5="","",AN5+1) -> 6 | AP5: =IF(AO5="","",AO5+1) -> 7 | AQ5: =IF(AP5="","",AP5+1) -> 8 | ... AZ5: =IF(AY5="","",AY5+1) -> 17 | BA5: 0 | BB5: =IF(BA5="","",BA5+1) -> 1 | BC5: =IF(BB5="","",BB5+1) -> 2 | BD5: =IF(BC5="","",BC5+1) -> 3 | BE5: =IF(BD5="","",BD5+1) -> 4 | BF5: =IF(BE5="","",BE5+1) -> 5 | BG5: =IF(BF5="","",BF5+1) -> 6 | BH5: =IF(BG5="","",BG5+1) -> 7 | BI5: =IF(BH5="","",BH5+1) -> 8 | ... GX5: =IF(GW5="","",GW5+1) -> 153
A6: Vitis | B6: 1 | C6: El Cristal | D6: 5 | E6: El Cristal-5 | F6: Deli x Nigeria | G6: Asd | H6: 2009 | I6: 17 | J6: 43.08 | K6: 0 | L6: 5950 | M6: 5950 | N6: Capitales y proyectos | O6: Administrado | P6: Productivo | Q6: =IF(R6="","",'Dashboard Ciclos'!$B$2-R6) -> 46234 | R6: =IF($E6="","",IFERROR(INDEX($W6:$GX6,MATCH('Dashboard Ciclos'!$B$2,$W$1:$GX$1,0)),"")) -> 15 | S6: =IF($Q6="","Sin dato",IF($R6<=CicloObjetivo,"En ciclo",IF($R6-CicloObjetivo<=5,"Vencido 1-5 d",IF($R6-CicloObjetivo<=10,"Vencido 6-10 d",IF($R6-CicloObjetivo<=15,"Vencido 11-15 d","Vencido +15 d"))))) -> Vencido 1-5 d | T6: =IF($Q6="","Sin dato",IF($R6<VentanaCosecha,"Recién cortado",IF($R6<=CicloObjetivo,"En ciclo","Fuera de ciclo"))) -> Fuera de ciclo | U6: =IF($Q6="","",CicloObjetivo-$R6) -> -3 | V6: =IF($Q6="","",$Q6+CicloObjetivo) -> 46246 | W6: =+X6-1 -> 21 | X6: =+Y6-1 -> 22 | Y6: =+Z6-1 -> 23 | Z6: =+AA6-1 -> 24 | AA6: 25 | AB6: =IF(AA6="","",AA6+1) -> 26 | AC6: =IF(AB6="","",AB6+1) -> 27 | AD6: =IF(AC6="","",AC6+1) -> 28 | AE6: =IF(AD6="","",AD6+1) -> 29 | AF6: =IF(AE6="","",AE6+1) -> 30 | AG6: =IF(AF6="","",AF6+1) -> 31 | AH6: =IF(AG6="","",AG6+1) -> 32 | AI6: =IF(AH6="","",AH6+1) -> 33 | AJ6: =IF(AI6="","",AI6+1) -> 34 | AK6: 0 | AL6: =IF(AK6="","",AK6+1) -> 1 | AM6: =IF(AL6="","",AL6+1) -> 2 | AN6: =IF(AM6="","",AM6+1) -> 3 | AO6: =IF(AN6="","",AN6+1) -> 4 | AP6: =IF(AO6="","",AO6+1) -> 5 | AQ6: =IF(AP6="","",AP6+1) -> 6 | AR6: =IF(AQ6="","",AQ6+1) -> 7 | AS6: =IF(AR6="","",AR6+1) -> 8 | ... AZ6: =IF(AY6="","",AY6+1) -> 15 | BA6: 0 | BB6: =IF(BA6="","",BA6+1) -> 1 | BC6: =IF(BB6="","",BB6+1) -> 2 | BD6: =IF(BC6="","",BC6+1) -> 3 | BE6: =IF(BD6="","",BD6+1) -> 4 | BF6: =IF(BE6="","",BE6+1) -> 5 | BG6: =IF(BF6="","",BF6+1) -> 6 | BH6: =IF(BG6="","",BG6+1) -> 7 | BI6: =IF(BH6="","",BH6+1) -> 8 | ... GX6: =IF(GW6="","",GW6+1) -> 153
A7: Vitis | B7: 1 | C7: El Cristal | D7: 6 | E7: El Cristal-6 | F7: Deli x La Me | G7: Irho | H7: 2009 | I7: 17 | J7: 39.67 | K7: 0 | L7: 5599 | M7: 5599 | N7: Capitales y proyectos | O7: Administrado | P7: Productivo | Q7: =IF(R7="","",'Dashboard Ciclos'!$B$2-R7) -> 46235 | R7: =IF($E7="","",IFERROR(INDEX($W7:$GX7,MATCH('Dashboard Ciclos'!$B$2,$W$1:$GX$1,0)),"")) -> 14 | S7: =IF($Q7="","Sin dato",IF($R7<=CicloObjetivo,"En ciclo",IF($R7-CicloObjetivo<=5,"Vencido 1-5 d",IF($R7-CicloObjetivo<=10,"Vencido 6-10 d",IF($R7-CicloObjetivo<=15,"Vencido 11-15 d","Vencido +15 d"))))) -> Vencido 1-5 d | T7: =IF($Q7="","Sin dato",IF($R7<VentanaCosecha,"Recién cortado",IF($R7<=CicloObjetivo,"En ciclo","Fuera de ciclo"))) -> Fuera de ciclo | U7: =IF($Q7="","",CicloObjetivo-$R7) -> -2 | V7: =IF($Q7="","",$Q7+CicloObjetivo) -> 46247 | W7: =+X7-1 -> 20 | X7: =+Y7-1 -> 21 | Y7: =+Z7-1 -> 22 | Z7: =+AA7-1 -> 23 | AA7: 24 | AB7: =IF(AA7="","",AA7+1) -> 25 | AC7: =IF(AB7="","",AB7+1) -> 26 | AD7: =IF(AC7="","",AC7+1) -> 27 | AE7: =IF(AD7="","",AD7+1) -> 28 | AF7: =IF(AE7="","",AE7+1) -> 29 | AG7: =IF(AF7="","",AF7+1) -> 30 | AH7: =IF(AG7="","",AG7+1) -> 31 | AI7: =IF(AH7="","",AH7+1) -> 32 | ... AK7: =IF(AJ7="","",AJ7+1) -> 34 | AL7: 0 | AM7: =IF(AL7="","",AL7+1) -> 1 | AN7: =IF(AM7="","",AM7+1) -> 2 | AO7: =IF(AN7="","",AN7+1) -> 3 | AP7: =IF(AO7="","",AO7+1) -> 4 | AQ7: =IF(AP7="","",AP7+1) -> 5 | AR7: =IF(AQ7="","",AQ7+1) -> 6 | AS7: =IF(AR7="","",AR7+1) -> 7 | AT7: =IF(AS7="","",AS7+1) -> 8 | ... BA7: =IF(AZ7="","",AZ7+1) -> 15 | BB7: 0 | BC7: =IF(BB7="","",BB7+1) -> 1 | BD7: =IF(BC7="","",BC7+1) -> 2 | BE7: =IF(BD7="","",BD7+1) -> 3 | BF7: =IF(BE7="","",BE7+1) -> 4 | BG7: =IF(BF7="","",BF7+1) -> 5 | BH7: =IF(BG7="","",BG7+1) -> 6 | BI7: =IF(BH7="","",BH7+1) -> 7 | BJ7: =IF(BI7="","",BI7+1) -> 8 | ... GX7: =IF(GW7="","",GW7+1) -> 152
A8: Vitis | B8: 1 | C8: El Cristal | D8: 7 | E8: El Cristal-7 | F8: Deli x Nigeria | G8: Asd | H8: 2009 | I8: 17 | J8: 21.52 | K8: 67 | L8: 2977 | M8: 2910 | N8: Capitales y proyectos | O8: Administrado | P8: Productivo | Q8: =IF(R8="","",'Dashboard Ciclos'!$B$2-R8) -> 46237 | R8: =IF($E8="","",IFERROR(INDEX($W8:$GX8,MATCH('Dashboard Ciclos'!$B$2,$W$1:$GX$1,0)),"")) -> 12 | S8: =IF($Q8="","Sin dato",IF($R8<=CicloObjetivo,"En ciclo",IF($R8-CicloObjetivo<=5,"Vencido 1-5 d",IF($R8-CicloObjetivo<=10,"Vencido 6-10 d",IF($R8-CicloObjetivo<=15,"Vencido 11-15 d","Vencido +15 d"))))) -> En ciclo | T8: =IF($Q8="","Sin dato",IF($R8<VentanaCosecha,"Recién cortado",IF($R8<=CicloObjetivo,"En ciclo","Fuera de ciclo"))) -> En ciclo | U8: =IF($Q8="","",CicloObjetivo-$R8) -> 0 | V8: =IF($Q8="","",$Q8+CicloObjetivo) -> 46249 | W8: =+X8-1 -> 18 | X8: =+Y8-1 -> 19 | Y8: =+Z8-1 -> 20 | Z8: =+AA8-1 -> 21 | AA8: 22 | AB8: =IF(AA8="","",AA8+1) -> 23 | AC8: =IF(AB8="","",AB8+1) -> 24 | AD8: =IF(AC8="","",AC8+1) -> 25 | AE8: =IF(AD8="","",AD8+1) -> 26 | AF8: =IF(AE8="","",AE8+1) -> 27 | AG8: =IF(AF8="","",AF8+1) -> 28 | AH8: =IF(AG8="","",AG8+1) -> 29 | AI8: =IF(AH8="","",AH8+1) -> 30 | ... AL8: =IF(AK8="","",AK8+1) -> 33 | AM8: 0 | AN8: =IF(AM8="","",AM8+1) -> 1 | AO8: =IF(AN8="","",AN8+1) -> 2 | AP8: =IF(AO8="","",AO8+1) -> 3 | AQ8: =IF(AP8="","",AP8+1) -> 4 | AR8: =IF(AQ8="","",AQ8+1) -> 5 | AS8: =IF(AR8="","",AR8+1) -> 6 | AT8: =IF(AS8="","",AS8+1) -> 7 | AU8: =IF(AT8="","",AT8+1) -> 8 | ... BC8: =IF(BB8="","",BB8+1) -> 16 | BD8: 0 | BE8: =IF(BD8="","",BD8+1) -> 1 | BF8: =IF(BE8="","",BE8+1) -> 2 | BG8: =IF(BF8="","",BF8+1) -> 3 | BH8: =IF(BG8="","",BG8+1) -> 4 | BI8: =IF(BH8="","",BH8+1) -> 5 | BJ8: =IF(BI8="","",BI8+1) -> 6 | BK8: =IF(BJ8="","",BJ8+1) -> 7 | BL8: =IF(BK8="","",BK8+1) -> 8 | ... GX8: =IF(GW8="","",GW8+1) -> 150
A9: Vitis | B9: 1 | C9: El Cristal | D9: 8 | E9: El Cristal-8 | F9: Deli x La Me | G9: Irho | H9: 2009 | I9: 17 | J9: 61.86 | K9: 297 | L9: 8475 | M9: 8178 | N9: Family Capital | O9: Administrado | P9: Productivo | Q9: =IF(R9="","",'Dashboard Ciclos'!$B$2-R9) -> 46244 | R9: =IF($E9="","",IFERROR(INDEX($W9:$GX9,MATCH('Dashboard Ciclos'!$B$2,$W$1:$GX$1,0)),"")) -> 5 | S9: =IF($Q9="","Sin dato",IF($R9<=CicloObjetivo,"En ciclo",IF($R9-CicloObjetivo<=5,"Vencido 1-5 d",IF($R9-CicloObjetivo<=10,"Vencido 6-10 d",IF($R9-CicloObjetivo<=15,"Vencido 11-15 d","Vencido +15 d"))))) -> En ciclo | T9: =IF($Q9="","Sin dato",IF($R9<VentanaCosecha,"Recién cortado",IF($R9<=CicloObjetivo,"En ciclo","Fuera de ciclo"))) -> En ciclo | U9: =IF($Q9="","",CicloObjetivo-$R9) -> 7 | V9: =IF($Q9="","",$Q9+CicloObjetivo) -> 46256 | W9: =+X9-1 -> 18 | X9: =+Y9-1 -> 19 | Y9: =+Z9-1 -> 20 | Z9: =+AA9-1 -> 21 | AA9: 22 | AB9: =IF(AA9="","",AA9+1) -> 23 | AC9: =IF(AB9="","",AB9+1) -> 24 | AD9: =IF(AC9="","",AC9+1) -> 25 | AE9: =IF(AD9="","",AD9+1) -> 26 | AF9: =IF(AE9="","",AE9+1) -> 27 | AG9: =IF(AF9="","",AF9+1) -> 28 | AH9: =IF(AG9="","",AG9+1) -> 29 | AI9: =IF(AH9="","",AH9+1) -> 30 | ... AP9: =IF(AO9="","",AO9+1) -> 37 | AQ9: 0 | AR9: =IF(AQ9="","",AQ9+1) -> 1 | AS9: =IF(AR9="","",AR9+1) -> 2 | AT9: =IF(AS9="","",AS9+1) -> 3 | AU9: =IF(AT9="","",AT9+1) -> 4 | AV9: =IF(AU9="","",AU9+1) -> 5 | AW9: =IF(AV9="","",AV9+1) -> 6 | AX9: =IF(AW9="","",AW9+1) -> 7 | AY9: =IF(AX9="","",AX9+1) -> 8 | ... BJ9: =IF(BI9="","",BI9+1) -> 19 | BK9: 0 | BL9: =IF(BK9="","",BK9+1) -> 1 | BM9: =IF(BL9="","",BL9+1) -> 2 | BN9: =IF(BM9="","",BM9+1) -> 3 | BO9: =IF(BN9="","",BN9+1) -> 4 | BP9: =IF(BO9="","",BO9+1) -> 5 | BQ9: =IF(BP9="","",BP9+1) -> 6 | BR9: =IF(BQ9="","",BQ9+1) -> 7 | BS9: =IF(BR9="","",BR9+1) -> 8 | ... GX9: =IF(GW9="","",GW9+1) -> 143
A10: Vitis | B10: 1 | C10: El Cristal | D10: 9 | E10: El Cristal-9 | F10: Deli x La Me | G10: Irho | H10: 2009 | I10: 17 | J10: 46.31 | K10: 0 | L10: 6536 | M10: 6536 | N10: Family Capital | O10: Administrado | P10: Productivo | Q10: =IF(R10="","",'Dashboard Ciclos'!$B$2-R10) -> 46245 | R10: =IF($E10="","",IFERROR(INDEX($W10:$GX10,MATCH('Dashboard Ciclos'!$B$2,$W$1:$GX$1,0)),"")) -> 4 | S10: =IF($Q10="","Sin dato",IF($R10<=CicloObjetivo,"En ciclo",IF($R10-CicloObjetivo<=5,"Vencido 1-5 d",IF($R10-CicloObjetivo<=10,"Vencido 6-10 d",IF($R10-CicloObjetivo<=15,"Vencido 11-15 d","Vencido +15 d"))))) -> En ciclo | T10: =IF($Q10="","Sin dato",IF($R10<VentanaCosecha,"Recién cortado",IF($R10<=CicloObjetivo,"En ciclo","Fuera de ciclo"))) -> Recién cortado | U10: =IF($Q10="","",CicloObjetivo-$R10) -> 8 | V10: =IF($Q10="","",$Q10+CicloObjetivo) -> 46257 | W10: =+X10-1 -> 14 | X10: =+Y10-1 -> 15 | Y10: =+Z10-1 -> 16 | Z10: =+AA10-1 -> 17 | AA10: 18 | AB10: =IF(AA10="","",AA10+1) -> 19 | AC10: =IF(AB10="","",AB10+1) -> 20 | AD10: =IF(AC10="","",AC10+1) -> 21 | AE10: =IF(AD10="","",AD10+1) -> 22 | AF10: =IF(AE10="","",AE10+1) -> 23 | AG10: =IF(AF10="","",AF10+1) -> 24 | AH10: =IF(AG10="","",AG10+1) -> 25 | AI10: =IF(AH10="","",AH10+1) -> 26 | ... AQ10: =IF(AP10="","",AP10+1) -> 34 | AR10: 0 | AS10: =IF(AR10="","",AR10+1) -> 1 | AT10: =IF(AS10="","",AS10+1) -> 2 | AU10: =IF(AT10="","",AT10+1) -> 3 | AV10: =IF(AU10="","",AU10+1) -> 4 | AW10: =IF(AV10="","",AV10+1) -> 5 | AX10: =IF(AW10="","",AW10+1) -> 6 | AY10: =IF(AX10="","",AX10+1) -> 7 | AZ10: =IF(AY10="","",AY10+1) -> 8 | ... BK10: =IF(BJ10="","",BJ10+1) -> 19 | BL10: 0 | BM10: =IF(BL10="","",BL10+1) -> 1 | BN10: =IF(BM10="","",BM10+1) -> 2 | BO10: =IF(BN10="","",BN10+1) -> 3 | BP10: =IF(BO10="","",BO10+1) -> 4 | BQ10: =IF(BP10="","",BP10+1) -> 5 | BR10: =IF(BQ10="","",BQ10+1) -> 6 | BS10: =IF(BR10="","",BR10+1) -> 7 | BT10: =IF(BS10="","",BS10+1) -> 8 | ... GX10: =IF(GW10="","",GW10+1) -> 142
A11: Vitis | B11: 1 | C11: El Cristal | D11: 10 | E11: El Cristal-10 | F11: Deli x La Me | G11: Irho | H11: 2009 | I11: 17 | J11: 50.1 | K11: 207 | L11: 7081 | M11: 6874 | N11: Family Capital | O11: Administrado | P11: Productivo | Q11: =IF(R11="","",'Dashboard Ciclos'!$B$2-R11) -> 46246 | R11: =IF($E11="","",IFERROR(INDEX($W11:$GX11,MATCH('Dashboard Ciclos'!$B$2,$W$1:$GX$1,0)),"")) -> 3 | S11: =IF($Q11="","Sin dato",IF($R11<=CicloObjetivo,"En ciclo",IF($R11-CicloObjetivo<=5,"Vencido 1-5 d",IF($R11-CicloObjetivo<=10,"Vencido 6-10 d",IF($R11-CicloObjetivo<=15,"Vencido 11-15 d","Vencido +15 d"))))) -> En ciclo | T11: =IF($Q11="","Sin dato",IF($R11<VentanaCosecha,"Recién cortado",IF($R11<=CicloObjetivo,"En ciclo","Fuera de ciclo"))) -> Recién cortado | U11: =IF($Q11="","",CicloObjetivo-$R11) -> 9 | V11: =IF($Q11="","",$Q11+CicloObjetivo) -> 46258 | W11: =+X11-1 -> 11 | X11: =+Y11-1 -> 12 | Y11: =+Z11-1 -> 13 | Z11: =+AA11-1 -> 14 | AA11: 15 | AB11: =IF(AA11="","",AA11+1) -> 16 | AC11: =IF(AB11="","",AB11+1) -> 17 | AD11: =IF(AC11="","",AC11+1) -> 18 | AE11: =IF(AD11="","",AD11+1) -> 19 | AF11: =IF(AE11="","",AE11+1) -> 20 | AG11: =IF(AF11="","",AF11+1) -> 21 | AH11: =IF(AG11="","",AG11+1) -> 22 | AI11: =IF(AH11="","",AH11+1) -> 23 | ... AR11: =IF(AQ11="","",AQ11+1) -> 32 | AS11: 0 | AT11: =IF(AS11="","",AS11+1) -> 1 | AU11: =IF(AT11="","",AT11+1) -> 2 | AV11: =IF(AU11="","",AU11+1) -> 3 | AW11: =IF(AV11="","",AV11+1) -> 4 | AX11: =IF(AW11="","",AW11+1) -> 5 | AY11: =IF(AX11="","",AX11+1) -> 6 | AZ11: =IF(AY11="","",AY11+1) -> 7 | BA11: =IF(AZ11="","",AZ11+1) -> 8 | ... BL11: =IF(BK11="","",BK11+1) -> 19 | BM11: 0 | BN11: =IF(BM11="","",BM11+1) -> 1 | BO11: =IF(BN11="","",BN11+1) -> 2 | BP11: =IF(BO11="","",BO11+1) -> 3 | BQ11: =IF(BP11="","",BP11+1) -> 4 | BR11: =IF(BQ11="","",BQ11+1) -> 5 | BS11: =IF(BR11="","",BR11+1) -> 6 | BT11: =IF(BS11="","",BS11+1) -> 7 | BU11: =IF(BT11="","",BT11+1) -> 8 | ... GX11: =IF(GW11="","",GW11+1) -> 141
A12: Vitis | B12: 1 | C12: El Cristal | D12: 11 | E12: El Cristal-11 | F12: Deli x La Me | G12: Irho | H12: 2009 | I12: 17 | J12: 36.5 | K12: 145 | L12: 5172 | M12: 5027 | N12: Family Capital | O12: Administrado | P12: Productivo | Q12: =IF(R12="","",'Dashboard Ciclos'!$B$2-R12) -> 46248 | R12: =IF($E12="","",IFERROR(INDEX($W12:$GX12,MATCH('Dashboard Ciclos'!$B$2,$W$1:$GX$1,0)),"")) -> 1 | S12: =IF($Q12="","Sin dato",IF($R12<=CicloObjetivo,"En ciclo",IF($R12-CicloObjetivo<=5,"Vencido 1-5 d",IF($R12-CicloObjetivo<=10,"Vencido 6-10 d",IF($R12-CicloObjetivo<=15,"Vencido 11-15 d","Vencido +15 d"))))) -> En ciclo | T12: =IF($Q12="","Sin dato",IF($R12<VentanaCosecha,"Recién cortado",IF($R12<=CicloObjetivo,"En ciclo","Fuera de ciclo"))) -> Recién cortado | U12: =IF($Q12="","",CicloObjetivo-$R12) -> 11 | V12: =IF($Q12="","",$Q12+CicloObjetivo) -> 46260 | W12: =+X12-1 -> 8 | X12: =+Y12-1 -> 9 | Y12: =+Z12-1 -> 10 | Z12: =+AA12-1 -> 11 | AA12: 12 | AB12: =IF(AA12="","",AA12+1) -> 13 | AC12: =IF(AB12="","",AB12+1) -> 14 | AD12: =IF(AC12="","",AC12+1) -> 15 | AE12: =IF(AD12="","",AD12+1) -> 16 | AF12: =IF(AE12="","",AE12+1) -> 17 | AG12: =IF(AF12="","",AF12+1) -> 18 | AH12: =IF(AG12="","",AG12+1) -> 19 | AI12: =IF(AH12="","",AH12+1) -> 20 | ... AT12: =IF(AS12="","",AS12+1) -> 31 | AU12: 0 | AV12: =IF(AU12="","",AU12+1) -> 1 | AW12: =IF(AV12="","",AV12+1) -> 2 | AX12: =IF(AW12="","",AW12+1) -> 3 | AY12: =IF(AX12="","",AX12+1) -> 4 | AZ12: =IF(AY12="","",AY12+1) -> 5 | BA12: =IF(AZ12="","",AZ12+1) -> 6 | BB12: =IF(BA12="","",BA12+1) -> 7 | BC12: =IF(BB12="","",BB12+1) -> 8 | ... BN12: =IF(BM12="","",BM12+1) -> 19 | BO12: 0 | BP12: =IF(BO12="","",BO12+1) -> 1 | BQ12: =IF(BP12="","",BP12+1) -> 2 | BR12: =IF(BQ12="","",BQ12+1) -> 3 | BS12: =IF(BR12="","",BR12+1) -> 4 | BT12: =IF(BS12="","",BS12+1) -> 5 | BU12: =IF(BT12="","",BT12+1) -> 6 | BV12: =IF(BU12="","",BU12+1) -> 7 | BW12: =IF(BV12="","",BV12+1) -> 8 | ... GX12: =IF(GW12="","",GW12+1) -> 139
A13: Vitis | B13: 1 | C13: El Cristal | D13: 12 | E13: El Cristal-12 | F13: Deli x La Me | G13: Irho | H13: 2009 | I13: 17 | J13: 18.89 | K13: 0 | L13: 2664 | M13: 2664 | N13: Family Capital | O13: Administrado | P13: Productivo | Q13: =IF(R13="","",'Dashboard Ciclos'!$B$2-R13) -> 46230 | R13: =IF($E13="","",IFERROR(INDEX($W13:$GX13,MATCH('Dashboard Ciclos'!$B$2,$W$1:$GX$1,0)),"")) -> 19 | S13: =IF($Q13="","Sin dato",IF($R13<=CicloObjetivo,"En ciclo",IF($R13-CicloObjetivo<=5,"Vencido 1-5 d",IF($R13-CicloObjetivo<=10,"Vencido 6-10 d",IF($R13-CicloObjetivo<=15,"Vencido 11-15 d","Vencido +15 d"))))) -> Vencido 6-10 d | T13: =IF($Q13="","Sin dato",IF($R13<VentanaCosecha,"Recién cortado",IF($R13<=CicloObjetivo,"En ciclo","Fuera de ciclo"))) -> Fuera de ciclo | U13: =IF($Q13="","",CicloObjetivo-$R13) -> -7 | V13: =IF($Q13="","",$Q13+CicloObjetivo) -> 46242 | W13: =+X13-1 -> 5 | X13: =+Y13-1 -> 6 | Y13: =+Z13-1 -> 7 | Z13: =+AA13-1 -> 8 | AA13: 9 | AB13: =IF(AA13="","",AA13+1) -> 10 | AC13: =IF(AB13="","",AB13+1) -> 11 | AD13: =IF(AC13="","",AC13+1) -> 12 | AE13: =IF(AD13="","",AD13+1) -> 13 | AF13: =IF(AE13="","",AE13+1) -> 14 | AG13: =IF(AF13="","",AF13+1) -> 15 | AH13: =IF(AG13="","",AG13+1) -> 16 | AI13: =IF(AH13="","",AH13+1) -> 17 | ... AV13: =IF(AU13="","",AU13+1) -> 30 | AW13: 0 | AX13: =IF(AW13="","",AW13+1) -> 1 | AY13: =IF(AX13="","",AX13+1) -> 2 | AZ13: =IF(AY13="","",AY13+1) -> 3 | BA13: =IF(AZ13="","",AZ13+1) -> 4 | BB13: =IF(BA13="","",BA13+1) -> 5 | BC13: =IF(BB13="","",BB13+1) -> 6 | BD13: =IF(BC13="","",BC13+1) -> 7 | BE13: =IF(BD13="","",BD13+1) -> 8 | ... GX13: =IF(GW13="","",GW13+1) -> 157
A14: Vitis | B14: 1 | C14: El Cristal | D14: 13 | E14: El Cristal-13 | F14: Deli x La Me | G14: Irho | H14: 2009 | I14: 17 | J14: 46.26 | K14: 51 | L14: 6551 | M14: 6500 | N14: Family Capital | O14: Administrado | P14: Productivo | Q14: =IF(R14="","",'Dashboard Ciclos'!$B$2-R14) -> 46230 | R14: =IF($E14="","",IFERROR(INDEX($W14:$GX14,MATCH('Dashboard Ciclos'!$B$2,$W$1:$GX$1,0)),"")) -> 19 | S14: =IF($Q14="","Sin dato",IF($R14<=CicloObjetivo,"En ciclo",IF($R14-CicloObjetivo<=5,"Vencido 1-5 d",IF($R14-CicloObjetivo<=10,"Vencido 6-10 d",IF($R14-CicloObjetivo<=15,"Vencido 11-15 d","Vencido +15 d"))))) -> Vencido 6-10 d | T14: =IF($Q14="","Sin dato",IF($R14<VentanaCosecha,"Recién cortado",IF($R14<=CicloObjetivo,"En ciclo","Fuera de ciclo"))) -> Fuera de ciclo | U14: =IF($Q14="","",CicloObjetivo-$R14) -> -7 | V14: =IF($Q14="","",$Q14+CicloObjetivo) -> 46242 | W14: =+X14-1 -> 2 | X14: =+Y14-1 -> 3 | Y14: =+Z14-1 -> 4 | Z14: =+AA14-1 -> 5 | AA14: 6 | AB14: =IF(AA14="","",AA14+1) -> 7 | AC14: =IF(AB14="","",AB14+1) -> 8 | AD14: =IF(AC14="","",AC14+1) -> 9 | AE14: =IF(AD14="","",AD14+1) -> 10 | AF14: =IF(AE14="","",AE14+1) -> 11 | AG14: =IF(AF14="","",AF14+1) -> 12 | AH14: =IF(AG14="","",AG14+1) -> 13 | AI14: =IF(AH14="","",AH14+1) -> 14 | ... AV14: =IF(AU14="","",AU14+1) -> 27 | AW14: 0 | AX14: =IF(AW14="","",AW14+1) -> 1 | AY14: =IF(AX14="","",AX14+1) -> 2 | AZ14: =IF(AY14="","",AY14+1) -> 3 | BA14: =IF(AZ14="","",AZ14+1) -> 4 | BB14: =IF(BA14="","",BA14+1) -> 5 | BC14: =IF(BB14="","",BB14+1) -> 6 | BD14: =IF(BC14="","",BC14+1) -> 7 | BE14: =IF(BD14="","",BD14+1) -> 8 | ... GX14: =IF(GW14="","",GW14+1) -> 157
A15: Vitis | B15: 2 | C15: La Bendición | D15: 14 | E15: La Bendición-14 | F15: Deli x La Me | G15: Irho | H15: 2009 | I15: 17 | J15: 45.18 | K15: 61 | L15: 6215 | M15: 6154 | N15: Vitis Olei | O15: Propio | P15: Productivo | Q15: =IF(R15="","",'Dashboard Ciclos'!$B$2-R15) -> 46239 | R15: =IF($E15="","",IFERROR(INDEX($W15:$GX15,MATCH('Dashboard Ciclos'!$B$2,$W$1:$GX$1,0)),"")) -> 10 | S15: =IF($Q15="","Sin dato",IF($R15<=CicloObjetivo,"En ciclo",IF($R15-CicloObjetivo<=5,"Vencido 1-5 d",IF($R15-CicloObjetivo<=10,"Vencido 6-10 d",IF($R15-CicloObjetivo<=15,"Vencido 11-15 d","Vencido +15 d"))))) -> En ciclo | T15: =IF($Q15="","Sin dato",IF($R15<VentanaCosecha,"Recién cortado",IF($R15<=CicloObjetivo,"En ciclo","Fuera de ciclo"))) -> En ciclo | U15: =IF($Q15="","",CicloObjetivo-$R15) -> 2 | V15: =IF($Q15="","",$Q15+CicloObjetivo) -> 46251 | W15: =+X15-1 -> 13 | X15: =+Y15-1 -> 14 | Y15: =+Z15-1 -> 15 | Z15: =+AA15-1 -> 16 | AA15: 17 | AB15: =IF(AA15="","",AA15+1) -> 18 | AC15: =IF(AB15="","",AB15+1) -> 19 | AD15: =IF(AC15="","",AC15+1) -> 20 | AE15: =IF(AD15="","",AD15+1) -> 21 | AF15: =IF(AE15="","",AE15+1) -> 22 | AG15: =IF(AF15="","",AF15+1) -> 23 | AH15: =IF(AG15="","",AG15+1) -> 24 | AI15: =IF(AH15="","",AH15+1) -> 25 | ... AQ15: =IF(AP15="","",AP15+1) -> 33 | AR15: 0 | AS15: =IF(AR15="","",AR15+1) -> 1 | AT15: =IF(AS15="","",AS15+1) -> 2 | AU15: =IF(AT15="","",AT15+1) -> 3 | AV15: =IF(AU15="","",AU15+1) -> 4 | AW15: =IF(AV15="","",AV15+1) -> 5 | AX15: =IF(AW15="","",AW15+1) -> 6 | AY15: =IF(AX15="","",AX15+1) -> 7 | AZ15: =IF(AY15="","",AY15+1) -> 8 | ... BE15: =IF(BD15="","",BD15+1) -> 13 | BF15: 0 | BG15: =IF(BF15="","",BF15+1) -> 1 | BH15: =IF(BG15="","",BG15+1) -> 2 | BI15: =IF(BH15="","",BH15+1) -> 3 | BJ15: =IF(BI15="","",BI15+1) -> 4 | BK15: =IF(BJ15="","",BJ15+1) -> 5 | BL15: =IF(BK15="","",BK15+1) -> 6 | BM15: =IF(BL15="","",BL15+1) -> 7 | BN15: =IF(BM15="","",BM15+1) -> 8 | ... GX15: =IF(GW15="","",GW15+1) -> 148
A16: Vitis | B16: 2 | C16: La Bendición | D16: 15 | E16: La Bendición-15 | F16: Deli x Mezcla | G16: Mezcla | H16: 2009 | I16: 17 | J16: 39.98 | K16: 107 | L16: 5352 | M16: 5245 | N16: Vitis Olei | O16: Propio | P16: Productivo | Q16: =IF(R16="","",'Dashboard Ciclos'!$B$2-R16) -> 46239 | R16: =IF($E16="","",IFERROR(INDEX($W16:$GX16,MATCH('Dashboard Ciclos'!$B$2,$W$1:$GX$1,0)),"")) -> 10 | S16: =IF($Q16="","Sin dato",IF($R16<=CicloObjetivo,"En ciclo",IF($R16-CicloObjetivo<=5,"Vencido 1-5 d",IF($R16-CicloObjetivo<=10,"Vencido 6-10 d",IF($R16-CicloObjetivo<=15,"Vencido 11-15 d","Vencido +15 d"))))) -> En ciclo | T16: =IF($Q16="","Sin dato",IF($R16<VentanaCosecha,"Recién cortado",IF($R16<=CicloObjetivo,"En ciclo","Fuera de ciclo"))) -> En ciclo | U16: =IF($Q16="","",CicloObjetivo-$R16) -> 2 | V16: =IF($Q16="","",$Q16+CicloObjetivo) -> 46251 | W16: =+X16-1 -> 14 | X16: =+Y16-1 -> 15 | Y16: =+Z16-1 -> 16 | Z16: =+AA16-1 -> 17 | AA16: 18 | AB16: =IF(AA16="","",AA16+1) -> 19 | AC16: =IF(AB16="","",AB16+1) -> 20 | AD16: =IF(AC16="","",AC16+1) -> 21 | AE16: =IF(AD16="","",AD16+1) -> 22 | AF16: =IF(AE16="","",AE16+1) -> 23 | AG16: =IF(AF16="","",AF16+1) -> 24 | AH16: =IF(AG16="","",AG16+1) -> 25 | AI16: =IF(AH16="","",AH16+1) -> 26 | ... AQ16: =IF(AP16="","",AP16+1) -> 34 | AR16: 0 | AS16: =IF(AR16="","",AR16+1) -> 1 | AT16: =IF(AS16="","",AS16+1) -> 2 | AU16: =IF(AT16="","",AT16+1) -> 3 | AV16: =IF(AU16="","",AU16+1) -> 4 | AW16: =IF(AV16="","",AV16+1) -> 5 | AX16: =IF(AW16="","",AW16+1) -> 6 | AY16: =IF(AX16="","",AX16+1) -> 7 | AZ16: =IF(AY16="","",AY16+1) -> 8 | ... BE16: =IF(BD16="","",BD16+1) -> 13 | BF16: 0 | BG16: =IF(BF16="","",BF16+1) -> 1 | BH16: =IF(BG16="","",BG16+1) -> 2 | BI16: =IF(BH16="","",BH16+1) -> 3 | BJ16: =IF(BI16="","",BI16+1) -> 4 | BK16: =IF(BJ16="","",BJ16+1) -> 5 | BL16: =IF(BK16="","",BK16+1) -> 6 | BM16: =IF(BL16="","",BL16+1) -> 7 | BN16: =IF(BM16="","",BM16+1) -> 8 | ... GX16: =IF(GW16="","",GW16+1) -> 148
A17: Vitis | B17: 2 | C17: La Bendición | D17: 16 | E17: La Bendición-16 | F17: Deli x La Me | G17: Irho | H17: 2009 | I17: 17 | J17: 13.11 | K17: 32 | L17: 1803 | M17: 1771 | N17: Vitis Olei | O17: Propio | P17: Productivo | Q17: =IF(R17="","",'Dashboard Ciclos'!$B$2-R17) -> 46239 | R17: =IF($E17="","",IFERROR(INDEX($W17:$GX17,MATCH('Dashboard Ciclos'!$B$2,$W$1:$GX$1,0)),"")) -> 10 | S17: =IF($Q17="","Sin dato",IF($R17<=CicloObjetivo,"En ciclo",IF($R17-CicloObjetivo<=5,"Vencido 1-5 d",IF($R17-CicloObjetivo<=10,"Vencido 6-10 d",IF($R17-CicloObjetivo<=15,"Vencido 11-15 d","Vencido +15 d"))))) -> En ciclo | T17: =IF($Q17="","Sin dato",IF($R17<VentanaCosecha,"Recién cortado",IF($R17<=CicloObjetivo,"En ciclo","Fuera de ciclo"))) -> En ciclo | U17: =IF($Q17="","",CicloObjetivo-$R17) -> 2 | V17: =IF($Q17="","",$Q17+CicloObjetivo) -> 46251 | W17: =+X17-1 -> 14 | X17: =+Y17-1 -> 15 | Y17: =+Z17-1 -> 16 | Z17: =+AA17-1 -> 17 | AA17: 18 | AB17: =IF(AA17="","",AA17+1) -> 19 | AC17: =IF(AB17="","",AB17+1) -> 20 | AD17: =IF(AC17="","",AC17+1) -> 21 | AE17: =IF(AD17="","",AD17+1) -> 22 | AF17: =IF(AE17="","",AE17+1) -> 23 | AG17: =IF(AF17="","",AF17+1) -> 24 | AH17: =IF(AG17="","",AG17+1) -> 25 | AI17: =IF(AH17="","",AH17+1) -> 26 | ... AO17: =IF(AN17="","",AN17+1) -> 32 | AP17: 0 | AQ17: =IF(AP17="","",AP17+1) -> 1 | AR17: =IF(AQ17="","",AQ17+1) -> 2 | AS17: =IF(AR17="","",AR17+1) -> 3 | AT17: =IF(AS17="","",AS17+1) -> 4 | AU17: =IF(AT17="","",AT17+1) -> 5 | AV17: =IF(AU17="","",AU17+1) -> 6 | AW17: =IF(AV17="","",AV17+1) -> 7 | AX17: =IF(AW17="","",AW17+1) -> 8 | ... BE17: =IF(BD17="","",BD17+1) -> 15 | BF17: 0 | BG17: =IF(BF17="","",BF17+1) -> 1 | BH17: =IF(BG17="","",BG17+1) -> 2 | BI17: =IF(BH17="","",BH17+1) -> 3 | BJ17: =IF(BI17="","",BI17+1) -> 4 | BK17: =IF(BJ17="","",BJ17+1) -> 5 | BL17: =IF(BK17="","",BK17+1) -> 6 | BM17: =IF(BL17="","",BL17+1) -> 7 | BN17: =IF(BM17="","",BM17+1) -> 8 | ... GX17: =IF(GW17="","",GW17+1) -> 148
A18: Vitis | B18: 2 | C18: La Bendición | D18: 17 | E18: La Bendición-17 | F18: Deli x La Me | G18: Irho | H18: 2009 | I18: 17 | J18: 27.44 | K18: 152 | L18: 3745 | M18: 3593 | N18: Vitis Olei | O18: Propio | P18: Productivo | Q18: =IF(R18="","",'Dashboard Ciclos'!$B$2-R18) -> 46238 | R18: =IF($E18="","",IFERROR(INDEX($W18:$GX18,MATCH('Dashboard Ciclos'!$B$2,$W$1:$GX$1,0)),"")) -> 11 | S18: =IF($Q18="","Sin dato",IF($R18<=CicloObjetivo,"En ciclo",IF($R18-CicloObjetivo<=5,"Vencido 1-5 d",IF($R18-CicloObjetivo<=10,"Vencido 6-10 d",IF($R18-CicloObjetivo<=15,"Vencido 11-15 d","Vencido +15 d"))))) -> En ciclo | T18: =IF($Q18="","Sin dato",IF($R18<VentanaCosecha,"Recién cortado",IF($R18<=CicloObjetivo,"En ciclo","Fuera de ciclo"))) -> En ciclo | U18: =IF($Q18="","",CicloObjetivo-$R18) -> 1 | V18: =IF($Q18="","",$Q18+CicloObjetivo) -> 46250 | W18: =+X18-1 -> 18 | X18: =+Y18-1 -> 19 | Y18: =+Z18-1 -> 20 | Z18: =+AA18-1 -> 21 | AA18: 22 | AB18: =IF(AA18="","",AA18+1) -> 23 | AC18: =IF(AB18="","",AB18+1) -> 24 | AD18: =IF(AC18="","",AC18+1) -> 25 | AE18: =IF(AD18="","",AD18+1) -> 26 | AF18: =IF(AE18="","",AE18+1) -> 27 | AG18: =IF(AF18="","",AF18+1) -> 28 | AH18: =IF(AG18="","",AG18+1) -> 29 | AI18: =IF(AH18="","",AH18+1) -> 30 | ... AM18: =IF(AL18="","",AL18+1) -> 34 | AN18: 0 | AO18: =IF(AN18="","",AN18+1) -> 1 | AP18: =IF(AO18="","",AO18+1) -> 2 | AQ18: =IF(AP18="","",AP18+1) -> 3 | AR18: =IF(AQ18="","",AQ18+1) -> 4 | AS18: =IF(AR18="","",AR18+1) -> 5 | AT18: =IF(AS18="","",AS18+1) -> 6 | AU18: =IF(AT18="","",AT18+1) -> 7 | AV18: =IF(AU18="","",AU18+1) -> 8 | ... BD18: =IF(BC18="","",BC18+1) -> 16 | BE18: 0 | BF18: =IF(BE18="","",BE18+1) -> 1 | BG18: =IF(BF18="","",BF18+1) -> 2 | BH18: =IF(BG18="","",BG18+1) -> 3 | BI18: =IF(BH18="","",BH18+1) -> 4 | BJ18: =IF(BI18="","",BI18+1) -> 5 | BK18: =IF(BJ18="","",BJ18+1) -> 6 | BL18: =IF(BK18="","",BK18+1) -> 7 | BM18: =IF(BL18="","",BL18+1) -> 8 | ... GX18: =IF(GW18="","",GW18+1) -> 149
A19: Vitis | B19: 3 | C19: La Bendición | D19: 18 | E19: La Bendición-18 | F19: Deli x Mezcla | G19: Mezcla | H19: 2009 | I19: 17 | J19: 17.58 | K19: 130 | L19: 2330 | M19: 2200 | N19: Vitis Olei | O19: Propio | P19: Productivo | Q19: =IF(R19="","",'Dashboard Ciclos'!$B$2-R19) -> 46238 | R19: =IF($E19="","",IFERROR(INDEX($W19:$GX19,MATCH('Dashboard Ciclos'!$B$2,$W$1:$GX$1,0)),"")) -> 11 | S19: =IF($Q19="","Sin dato",IF($R19<=CicloObjetivo,"En ciclo",IF($R19-CicloObjetivo<=5,"Vencido 1-5 d",IF($R19-CicloObjetivo<=10,"Vencido 6-10 d",IF($R19-CicloObjetivo<=15,"Vencido 11-15 d","Vencido +15 d"))))) -> En ciclo | T19: =IF($Q19="","Sin dato",IF($R19<VentanaCosecha,"Recién cortado",IF($R19<=CicloObjetivo,"En ciclo","Fuera de ciclo"))) -> En ciclo | U19: =IF($Q19="","",CicloObjetivo-$R19) -> 1 | V19: =IF($Q19="","",$Q19+CicloObjetivo) -> 46250 | W19: =+X19-1 -> 6 | X19: =+Y19-1 -> 7 | Y19: =+Z19-1 -> 8 | Z19: =+AA19-1 -> 9 | AA19: 10 | AB19: =IF(AA19="","",AA19+1) -> 11 | AC19: =IF(AB19="","",AB19+1) -> 12 | AD19: =IF(AC19="","",AC19+1) -> 13 | AE19: =IF(AD19="","",AD19+1) -> 14 | AF19: =IF(AE19="","",AE19+1) -> 15 | AG19: =IF(AF19="","",AF19+1) -> 16 | AH19: =IF(AG19="","",AG19+1) -> 17 | AI19: =IF(AH19="","",AH19+1) -> 18 | AJ19: 0 | AK19: =IF(AJ19="","",AJ19+1) -> 1 | AL19: =IF(AK19="","",AK19+1) -> 2 | AM19: =IF(AL19="","",AL19+1) -> 3 | AN19: =IF(AM19="","",AM19+1) -> 4 | AO19: =IF(AN19="","",AN19+1) -> 5 | AP19: =IF(AO19="","",AO19+1) -> 6 | AQ19: =IF(AP19="","",AP19+1) -> 7 | AR19: =IF(AQ19="","",AQ19+1) -> 8 | ... BD19: =IF(BC19="","",BC19+1) -> 20 | BE19: 0 | BF19: =IF(BE19="","",BE19+1) -> 1 | BG19: =IF(BF19="","",BF19+1) -> 2 | BH19: =IF(BG19="","",BG19+1) -> 3 | BI19: =IF(BH19="","",BH19+1) -> 4 | BJ19: =IF(BI19="","",BI19+1) -> 5 | BK19: =IF(BJ19="","",BJ19+1) -> 6 | BL19: =IF(BK19="","",BK19+1) -> 7 | BM19: =IF(BL19="","",BL19+1) -> 8 | ... GX19: =IF(GW19="","",GW19+1) -> 149
A20: Vitis | B20: 2 | C20: La Bendición | D20: 19 | E20: La Bendición-19 | F20: Deli x Nigeria | G20: Asd | H20: 2009 | I20: 17 | J20: 36.26 | K20: 0 | L20: 4474 | M20: 4474 | N20: Vitis Olei | O20: Propio | P20: Productivo | Q20: =IF(R20="","",'Dashboard Ciclos'!$B$2-R20) -> 46240 | R20: =IF($E20="","",IFERROR(INDEX($W20:$GX20,MATCH('Dashboard Ciclos'!$B$2,$W$1:$GX$1,0)),"")) -> 9 | S20: =IF($Q20="","Sin dato",IF($R20<=CicloObjetivo,"En ciclo",IF($R20-CicloObjetivo<=5,"Vencido 1-5 d",IF($R20-CicloObjetivo<=10,"Vencido 6-10 d",IF($R20-CicloObjetivo<=15,"Vencido 11-15 d","Vencido +15 d"))))) -> En ciclo | T20: =IF($Q20="","Sin dato",IF($R20<VentanaCosecha,"Recién cortado",IF($R20<=CicloObjetivo,"En ciclo","Fuera de ciclo"))) -> En ciclo | U20: =IF($Q20="","",CicloObjetivo-$R20) -> 3 | V20: =IF($Q20="","",$Q20+CicloObjetivo) -> 46252 | W20: =+X20-1 -> 12 | X20: =+Y20-1 -> 13 | Y20: =+Z20-1 -> 14 | Z20: =+AA20-1 -> 15 | AA20: 16 | AB20: =IF(AA20="","",AA20+1) -> 17 | AC20: =IF(AB20="","",AB20+1) -> 18 | AD20: =IF(AC20="","",AC20+1) -> 19 | AE20: =IF(AD20="","",AD20+1) -> 20 | AF20: =IF(AE20="","",AE20+1) -> 21 | AG20: =IF(AF20="","",AF20+1) -> 22 | AH20: =IF(AG20="","",AG20+1) -> 23 | AI20: =IF(AH20="","",AH20+1) -> 24 | ... AR20: =IF(AQ20="","",AQ20+1) -> 33 | AS20: 0 | AT20: =IF(AS20="","",AS20+1) -> 1 | AU20: =IF(AT20="","",AT20+1) -> 2 | AV20: =IF(AU20="","",AU20+1) -> 3 | AW20: =IF(AV20="","",AV20+1) -> 4 | AX20: =IF(AW20="","",AW20+1) -> 5 | AY20: =IF(AX20="","",AX20+1) -> 6 | AZ20: =IF(AY20="","",AY20+1) -> 7 | BA20: =IF(AZ20="","",AZ20+1) -> 8 | ... BF20: =IF(BE20="","",BE20+1) -> 13 | BG20: 0 | BH20: =IF(BG20="","",BG20+1) -> 1 | BI20: =IF(BH20="","",BH20+1) -> 2 | BJ20: =IF(BI20="","",BI20+1) -> 3 | BK20: =IF(BJ20="","",BJ20+1) -> 4 | BL20: =IF(BK20="","",BK20+1) -> 5 | BM20: =IF(BL20="","",BL20+1) -> 6 | BN20: =IF(BM20="","",BM20+1) -> 7 | BO20: =IF(BN20="","",BN20+1) -> 8 | ... GX20: =IF(GW20="","",GW20+1) -> 147
A21: Vitis | B21: 2 | C21: Los Cambulos | D21: 20 | E21: Los Cambulos-20 | F21: Deli x La Me | G21: Irho | H21: 2009 | I21: 17 | J21: 23.43 | K21: 0 | L21: 3327 | M21: 3327 | N21: Vitis Olei | O21: Propio | P21: Productivo | Q21: =IF(R21="","",'Dashboard Ciclos'!$B$2-R21) -> 46240 | R21: =IF($E21="","",IFERROR(INDEX($W21:$GX21,MATCH('Dashboard Ciclos'!$B$2,$W$1:$GX$1,0)),"")) -> 9 | S21: =IF($Q21="","Sin dato",IF($R21<=CicloObjetivo,"En ciclo",IF($R21-CicloObjetivo<=5,"Vencido 1-5 d",IF($R21-CicloObjetivo<=10,"Vencido 6-10 d",IF($R21-CicloObjetivo<=15,"Vencido 11-15 d","Vencido +15 d"))))) -> En ciclo | T21: =IF($Q21="","Sin dato",IF($R21<VentanaCosecha,"Recién cortado",IF($R21<=CicloObjetivo,"En ciclo","Fuera de ciclo"))) -> En ciclo | U21: =IF($Q21="","",CicloObjetivo-$R21) -> 3 | V21: =IF($Q21="","",$Q21+CicloObjetivo) -> 46252 | W21: =+X21-1 -> 12 | X21: =+Y21-1 -> 13 | Y21: =+Z21-1 -> 14 | Z21: =+AA21-1 -> 15 | AA21: 16 | AB21: =IF(AA21="","",AA21+1) -> 17 | AC21: =IF(AB21="","",AB21+1) -> 18 | AD21: =IF(AC21="","",AC21+1) -> 19 | AE21: =IF(AD21="","",AD21+1) -> 20 | AF21: =IF(AE21="","",AE21+1) -> 21 | AG21: =IF(AF21="","",AF21+1) -> 22 | AH21: =IF(AG21="","",AG21+1) -> 23 | AI21: =IF(AH21="","",AH21+1) -> 24 | ... AR21: =IF(AQ21="","",AQ21+1) -> 33 | AS21: 0 | AT21: =IF(AS21="","",AS21+1) -> 1 | AU21: =IF(AT21="","",AT21+1) -> 2 | AV21: =IF(AU21="","",AU21+1) -> 3 | AW21: =IF(AV21="","",AV21+1) -> 4 | AX21: =IF(AW21="","",AW21+1) -> 5 | AY21: =IF(AX21="","",AX21+1) -> 6 | AZ21: =IF(AY21="","",AY21+1) -> 7 | BA21: =IF(AZ21="","",AZ21+1) -> 8 | ... BF21: =IF(BE21="","",BE21+1) -> 13 | BG21: 0 | BH21: =IF(BG21="","",BG21+1) -> 1 | BI21: =IF(BH21="","",BH21+1) -> 2 | BJ21: =IF(BI21="","",BI21+1) -> 3 | BK21: =IF(BJ21="","",BJ21+1) -> 4 | BL21: =IF(BK21="","",BK21+1) -> 5 | BM21: =IF(BL21="","",BL21+1) -> 6 | BN21: =IF(BM21="","",BM21+1) -> 7 | BO21: =IF(BN21="","",BN21+1) -> 8 | ... GX21: =IF(GW21="","",GW21+1) -> 147
A22: Vitis | B22: 2 | C22: Los Cambulos | D22: 21 | E22: Los Cambulos-21 | F22: Deli x Mezcla | G22: Mezcla | H22: 2009 | I22: 17 | J22: 43.34 | K22: 0 | L22: 6124 | M22: 6124 | N22: Vitis Olei | O22: Propio | P22: Productivo | Q22: =IF(R22="","",'Dashboard Ciclos'!$B$2-R22) -> 46241 | R22: =IF($E22="","",IFERROR(INDEX($W22:$GX22,MATCH('Dashboard Ciclos'!$B$2,$W$1:$GX$1,0)),"")) -> 8 | S22: =IF($Q22="","Sin dato",IF($R22<=CicloObjetivo,"En ciclo",IF($R22-CicloObjetivo<=5,"Vencido 1-5 d",IF($R22-CicloObjetivo<=10,"Vencido 6-10 d",IF($R22-CicloObjetivo<=15,"Vencido 11-15 d","Vencido +15 d"))))) -> En ciclo | T22: =IF($Q22="","Sin dato",IF($R22<VentanaCosecha,"Recién cortado",IF($R22<=CicloObjetivo,"En ciclo","Fuera de ciclo"))) -> En ciclo | U22: =IF($Q22="","",CicloObjetivo-$R22) -> 4 | V22: =IF($Q22="","",$Q22+CicloObjetivo) -> 46253 | W22: =+X22-1 -> 18 | X22: =+Y22-1 -> 19 | Y22: =+Z22-1 -> 20 | Z22: =+AA22-1 -> 21 | AA22: 22 | AB22: =IF(AA22="","",AA22+1) -> 23 | AC22: =IF(AB22="","",AB22+1) -> 24 | AD22: =IF(AC22="","",AC22+1) -> 25 | AE22: =IF(AD22="","",AD22+1) -> 26 | AF22: =IF(AE22="","",AE22+1) -> 27 | AG22: =IF(AF22="","",AF22+1) -> 28 | AH22: =IF(AG22="","",AG22+1) -> 29 | AI22: =IF(AH22="","",AH22+1) -> 30 | ... AL22: =IF(AK22="","",AK22+1) -> 33 | AM22: 0 | AN22: =IF(AM22="","",AM22+1) -> 1 | AO22: =IF(AN22="","",AN22+1) -> 2 | AP22: =IF(AO22="","",AO22+1) -> 3 | AQ22: =IF(AP22="","",AP22+1) -> 4 | AR22: =IF(AQ22="","",AQ22+1) -> 5 | AS22: =IF(AR22="","",AR22+1) -> 6 | AT22: =IF(AS22="","",AS22+1) -> 7 | AU22: =IF(AT22="","",AT22+1) -> 8 | ... BG22: =IF(BF22="","",BF22+1) -> 20 | BH22: 0 | BI22: =IF(BH22="","",BH22+1) -> 1 | BJ22: =IF(BI22="","",BI22+1) -> 2 | BK22: =IF(BJ22="","",BJ22+1) -> 3 | BL22: =IF(BK22="","",BK22+1) -> 4 | BM22: =IF(BL22="","",BL22+1) -> 5 | BN22: =IF(BM22="","",BM22+1) -> 6 | BO22: =IF(BN22="","",BN22+1) -> 7 | BP22: =IF(BO22="","",BO22+1) -> 8 | ... GX22: =IF(GW22="","",GW22+1) -> 146
A23: Vitis | B23: 2 | C23: La Vitrina | D23: 22 | E23: La Vitrina-22 | F23: Deli x Nigeria | G23: Asd | H23: 2009 | I23: 17 | J23: 33.73 | K23: 0 | L23: 4743 | M23: 4743 | N23: Vitis Olei | O23: Propio | P23: Productivo | Q23: =IF(R23="","",'Dashboard Ciclos'!$B$2-R23) -> 46234 | R23: =IF($E23="","",IFERROR(INDEX($W23:$GX23,MATCH('Dashboard Ciclos'!$B$2,$W$1:$GX$1,0)),"")) -> 15 | S23: =IF($Q23="","Sin dato",IF($R23<=CicloObjetivo,"En ciclo",IF($R23-CicloObjetivo<=5,"Vencido 1-5 d",IF($R23-CicloObjetivo<=10,"Vencido 6-10 d",IF($R23-CicloObjetivo<=15,"Vencido 11-15 d","Vencido +15 d"))))) -> Vencido 1-5 d | T23: =IF($Q23="","Sin dato",IF($R23<VentanaCosecha,"Recién cortado",IF($R23<=CicloObjetivo,"En ciclo","Fuera de ciclo"))) -> Fuera de ciclo | U23: =IF($Q23="","",CicloObjetivo-$R23) -> -3 | V23: =IF($Q23="","",$Q23+CicloObjetivo) -> 46246 | W23: =+X23-1 -> 25 | X23: =+Y23-1 -> 26 | Y23: =+Z23-1 -> 27 | Z23: =+AA23-1 -> 28 | AA23: 29 | AB23: =IF(AA23="","",AA23+1) -> 30 | AC23: =IF(AB23="","",AB23+1) -> 31 | AD23: =IF(AC23="","",AC23+1) -> 32 | AE23: 0 | AF23: =IF(AE23="","",AE23+1) -> 1 | AG23: =IF(AF23="","",AF23+1) -> 2 | AH23: =IF(AG23="","",AG23+1) -> 3 | AI23: =IF(AH23="","",AH23+1) -> 4 | AJ23: =IF(AI23="","",AI23+1) -> 5 | AK23: =IF(AJ23="","",AJ23+1) -> 6 | AL23: =IF(AK23="","",AK23+1) -> 7 | AM23: =IF(AL23="","",AL23+1) -> 8 | ... AZ23: =IF(AY23="","",AY23+1) -> 21 | BA23: 0 | BB23: =IF(BA23="","",BA23+1) -> 1 | BC23: =IF(BB23="","",BB23+1) -> 2 | BD23: =IF(BC23="","",BC23+1) -> 3 | BE23: =IF(BD23="","",BD23+1) -> 4 | BF23: =IF(BE23="","",BE23+1) -> 5 | BG23: =IF(BF23="","",BF23+1) -> 6 | BH23: =IF(BG23="","",BG23+1) -> 7 | BI23: =IF(BH23="","",BH23+1) -> 8 | ... GX23: =IF(GW23="","",GW23+1) -> 153
A24: Vitis | B24: 3 | C24: La Bendición | D24: 23 | E24: La Bendición-23 | F24: Deli x La Me | G24: Mezcla | H24: 2009 | I24: 17 | J24: 40.25 | K24: 0 | L24: 5711 | M24: 5711 | N24: Vitis Olei | O24: Propio | P24: Productivo | Q24: =IF(R24="","",'Dashboard Ciclos'!$B$2-R24) -> 46239 | R24: =IF($E24="","",IFERROR(INDEX($W24:$GX24,MATCH('Dashboard Ciclos'!$B$2,$W$1:$GX$1,0)),"")) -> 10 | S24: =IF($Q24="","Sin dato",IF($R24<=CicloObjetivo,"En ciclo",IF($R24-CicloObjetivo<=5,"Vencido 1-5 d",IF($R24-CicloObjetivo<=10,"Vencido 6-10 d",IF($R24-CicloObjetivo<=15,"Vencido 11-15 d","Vencido +15 d"))))) -> En ciclo | T24: =IF($Q24="","Sin dato",IF($R24<VentanaCosecha,"Recién cortado",IF($R24<=CicloObjetivo,"En ciclo","Fuera de ciclo"))) -> En ciclo | U24: =IF($Q24="","",CicloObjetivo-$R24) -> 2 | V24: =IF($Q24="","",$Q24+CicloObjetivo) -> 46251 | W24: =+X24-1 -> 5 | X24: =+Y24-1 -> 6 | Y24: =+Z24-1 -> 7 | Z24: =+AA24-1 -> 8 | AA24: 9 | AB24: =IF(AA24="","",AA24+1) -> 10 | AC24: =IF(AB24="","",AB24+1) -> 11 | AD24: =IF(AC24="","",AC24+1) -> 12 | AE24: =IF(AD24="","",AD24+1) -> 13 | AF24: =IF(AE24="","",AE24+1) -> 14 | AG24: =IF(AF24="","",AF24+1) -> 15 | AH24: =IF(AG24="","",AG24+1) -> 16 | AI24: =IF(AH24="","",AH24+1) -> 17 | ... AL24: =IF(AK24="","",AK24+1) -> 20 | AM24: 0 | AN24: =IF(AM24="","",AM24+1) -> 1 | AO24: =IF(AN24="","",AN24+1) -> 2 | AP24: =IF(AO24="","",AO24+1) -> 3 | AQ24: =IF(AP24="","",AP24+1) -> 4 | AR24: =IF(AQ24="","",AQ24+1) -> 5 | AS24: =IF(AR24="","",AR24+1) -> 6 | AT24: =IF(AS24="","",AS24+1) -> 7 | AU24: =IF(AT24="","",AT24+1) -> 8 | ... BE24: =IF(BD24="","",BD24+1) -> 18 | BF24: 0 | BG24: =IF(BF24="","",BF24+1) -> 1 | BH24: =IF(BG24="","",BG24+1) -> 2 | BI24: =IF(BH24="","",BH24+1) -> 3 | BJ24: =IF(BI24="","",BI24+1) -> 4 | BK24: =IF(BJ24="","",BJ24+1) -> 5 | BL24: =IF(BK24="","",BK24+1) -> 6 | BM24: =IF(BL24="","",BL24+1) -> 7 | BN24: =IF(BM24="","",BM24+1) -> 8 | ... GX24: =IF(GW24="","",GW24+1) -> 148
A25: Vitis | B25: 3 | C25: La Bendición | D25: 24 | E25: La Bendición-24 | F25: Deli x Mezcla | G25: Mezcla | H25: 2009 | I25: 17 | J25: 39.01 | K25: 0 | L25: 5480 | M25: 5480 | N25: Vitis Olei | O25: Propio | P25: Productivo | Q25: =IF(R25="","",'Dashboard Ciclos'!$B$2-R25) -> 46233 | R25: =IF($E25="","",IFERROR(INDEX($W25:$GX25,MATCH('Dashboard Ciclos'!$B$2,$W$1:$GX$1,0)),"")) -> 16 | S25: =IF($Q25="","Sin dato",IF($R25<=CicloObjetivo,"En ciclo",IF($R25-CicloObjetivo<=5,"Vencido 1-5 d",IF($R25-CicloObjetivo<=10,"Vencido 6-10 d",IF($R25-CicloObjetivo<=15,"Vencido 11-15 d","Vencido +15 d"))))) -> Vencido 1-5 d | T25: =IF($Q25="","Sin dato",IF($R25<VentanaCosecha,"Recién cortado",IF($R25<=CicloObjetivo,"En ciclo","Fuera de ciclo"))) -> Fuera de ciclo | U25: =IF($Q25="","",CicloObjetivo-$R25) -> -4 | V25: =IF($Q25="","",$Q25+CicloObjetivo) -> 46245 | W25: =+X25-1 -> 14 | X25: =+Y25-1 -> 15 | Y25: =+Z25-1 -> 16 | Z25: =+AA25-1 -> 17 | AA25: 18 | AB25: =IF(AA25="","",AA25+1) -> 19 | AC25: =IF(AB25="","",AB25+1) -> 20 | AD25: =IF(AC25="","",AC25+1) -> 21 | AE25: =IF(AD25="","",AD25+1) -> 22 | AF25: =IF(AE25="","",AE25+1) -> 23 | AG25: =IF(AF25="","",AF25+1) -> 24 | AH25: 0 | AI25: =IF(AH25="","",AH25+1) -> 1 | AJ25: =IF(AI25="","",AI25+1) -> 2 | AK25: =IF(AJ25="","",AJ25+1) -> 3 | AL25: =IF(AK25="","",AK25+1) -> 4 | AM25: =IF(AL25="","",AL25+1) -> 5 | AN25: =IF(AM25="","",AM25+1) -> 6 | AO25: =IF(AN25="","",AN25+1) -> 7 | AP25: =IF(AO25="","",AO25+1) -> 8 | ... AY25: =IF(AX25="","",AX25+1) -> 17 | AZ25: 0 | BA25: =IF(AZ25="","",AZ25+1) -> 1 | BB25: =IF(BA25="","",BA25+1) -> 2 | BC25: =IF(BB25="","",BB25+1) -> 3 | BD25: =IF(BC25="","",BC25+1) -> 4 | BE25: =IF(BD25="","",BD25+1) -> 5 | BF25: =IF(BE25="","",BE25+1) -> 6 | BG25: =IF(BF25="","",BF25+1) -> 7 | BH25: =IF(BG25="","",BG25+1) -> 8 | ... GX25: =IF(GW25="","",GW25+1) -> 154
A26: Vitis | B26: 3 | C26: La Bendición | D26: 25 | E26: La Bendición-25 | F26: Deli x La Me | G26: Irho | H26: 2009 | I26: 17 | J26: 48.99 | K26: 41 | L26: 7024 | M26: 6983 | N26: Vitis Olei | O26: Propio | P26: Productivo | Q26: =IF(R26="","",'Dashboard Ciclos'!$B$2-R26) -> 46248 | R26: =IF($E26="","",IFERROR(INDEX($W26:$GX26,MATCH('Dashboard Ciclos'!$B$2,$W$1:$GX$1,0)),"")) -> 1 | S26: =IF($Q26="","Sin dato",IF($R26<=CicloObjetivo,"En ciclo",IF($R26-CicloObjetivo<=5,"Vencido 1-5 d",IF($R26-CicloObjetivo<=10,"Vencido 6-10 d",IF($R26-CicloObjetivo<=15,"Vencido 11-15 d","Vencido +15 d"))))) -> En ciclo | T26: =IF($Q26="","Sin dato",IF($R26<VentanaCosecha,"Recién cortado",IF($R26<=CicloObjetivo,"En ciclo","Fuera de ciclo"))) -> Recién cortado | U26: =IF($Q26="","",CicloObjetivo-$R26) -> 11 | V26: =IF($Q26="","",$Q26+CicloObjetivo) -> 46260 | W26: =+X26-1 -> 14 | X26: =+Y26-1 -> 15 | Y26: =+Z26-1 -> 16 | Z26: =+AA26-1 -> 17 | AA26: 18 | AB26: =IF(AA26="","",AA26+1) -> 19 | AC26: =IF(AB26="","",AB26+1) -> 20 | AD26: =IF(AC26="","",AC26+1) -> 21 | AE26: =IF(AD26="","",AD26+1) -> 22 | AF26: =IF(AE26="","",AE26+1) -> 23 | AG26: =IF(AF26="","",AF26+1) -> 24 | AH26: 0 | AI26: =IF(AH26="","",AH26+1) -> 1 | AJ26: =IF(AI26="","",AI26+1) -> 2 | AK26: =IF(AJ26="","",AJ26+1) -> 3 | AL26: =IF(AK26="","",AK26+1) -> 4 | AM26: =IF(AL26="","",AL26+1) -> 5 | AN26: =IF(AM26="","",AM26+1) -> 6 | AO26: =IF(AN26="","",AN26+1) -> 7 | AP26: =IF(AO26="","",AO26+1) -> 8 | ... AZ26: =IF(AY26="","",AY26+1) -> 18 | BA26: 0 | BB26: =IF(BA26="","",BA26+1) -> 1 | BC26: =IF(BB26="","",BB26+1) -> 2 | BD26: =IF(BC26="","",BC26+1) -> 3 | BE26: =IF(BD26="","",BD26+1) -> 4 | BF26: =IF(BE26="","",BE26+1) -> 5 | BG26: =IF(BF26="","",BF26+1) -> 6 | BH26: =IF(BG26="","",BG26+1) -> 7 | BI26: =IF(BH26="","",BH26+1) -> 8 | ... BN26: =IF(BM26="","",BM26+1) -> 13 | BO26: 0 | BP26: =IF(BO26="","",BO26+1) -> 1 | BQ26: =IF(BP26="","",BP26+1) -> 2 | BR26: =IF(BQ26="","",BQ26+1) -> 3 | BS26: =IF(BR26="","",BR26+1) -> 4 | BT26: =IF(BS26="","",BS26+1) -> 5 | BU26: =IF(BT26="","",BT26+1) -> 6 | BV26: =IF(BU26="","",BU26+1) -> 7 | BW26: =IF(BV26="","",BV26+1) -> 8 | ... GX26: =IF(GW26="","",GW26+1) -> 139
A27: Vitis | B27: 3 | C27: La Vitrina | D27: 26 | E27: La Vitrina-26 | F27: Deli x Nigeria | G27: Asd | H27: 2009 | I27: 17 | J27: 39.67 | K27: 143 | L27: 5673 | M27: 5530 | N27: Vitis Olei | O27: Propio | P27: Productivo | Q27: =IF(R27="","",'Dashboard Ciclos'!$B$2-R27) -> 46239 | R27: =IF($E27="","",IFERROR(INDEX($W27:$GX27,MATCH('Dashboard Ciclos'!$B$2,$W$1:$GX$1,0)),"")) -> 10 | S27: =IF($Q27="","Sin dato",IF($R27<=CicloObjetivo,"En ciclo",IF($R27-CicloObjetivo<=5,"Vencido 1-5 d",IF($R27-CicloObjetivo<=10,"Vencido 6-10 d",IF($R27-CicloObjetivo<=15,"Vencido 11-15 d","Vencido +15 d"))))) -> En ciclo | T27: =IF($Q27="","Sin dato",IF($R27<VentanaCosecha,"Recién cortado",IF($R27<=CicloObjetivo,"En ciclo","Fuera de ciclo"))) -> En ciclo | U27: =IF($Q27="","",CicloObjetivo-$R27) -> 2 | V27: =IF($Q27="","",$Q27+CicloObjetivo) -> 46251 | W27: =+X27-1 -> 1 | X27: =+Y27-1 -> 2 | Y27: =+Z27-1 -> 3 | Z27: =+AA27-1 -> 4 | AA27: 5 | AB27: =IF(AA27="","",AA27+1) -> 6 | AC27: =IF(AB27="","",AB27+1) -> 7 | AD27: =IF(AC27="","",AC27+1) -> 8 | AE27: =IF(AD27="","",AD27+1) -> 9 | AF27: =IF(AE27="","",AE27+1) -> 10 | AG27: =IF(AF27="","",AF27+1) -> 11 | AH27: =IF(AG27="","",AG27+1) -> 12 | AI27: =IF(AH27="","",AH27+1) -> 13 | AJ27: =IF(AI27="","",AI27+1) -> 14 | AK27: 0 | AL27: =IF(AK27="","",AK27+1) -> 1 | AM27: =IF(AL27="","",AL27+1) -> 2 | AN27: =IF(AM27="","",AM27+1) -> 3 | AO27: =IF(AN27="","",AN27+1) -> 4 | AP27: =IF(AO27="","",AO27+1) -> 5 | AQ27: =IF(AP27="","",AP27+1) -> 6 | AR27: =IF(AQ27="","",AQ27+1) -> 7 | AS27: =IF(AR27="","",AR27+1) -> 8 | ... BE27: =IF(BD27="","",BD27+1) -> 20 | BF27: 0 | BG27: =IF(BF27="","",BF27+1) -> 1 | BH27: =IF(BG27="","",BG27+1) -> 2 | BI27: =IF(BH27="","",BH27+1) -> 3 | BJ27: =IF(BI27="","",BI27+1) -> 4 | BK27: =IF(BJ27="","",BJ27+1) -> 5 | BL27: =IF(BK27="","",BK27+1) -> 6 | BM27: =IF(BL27="","",BL27+1) -> 7 | BN27: =IF(BM27="","",BM27+1) -> 8 | ... GX27: =IF(GW27="","",GW27+1) -> 148
A28: Vitis | B28: 3 | C28: La Vitrina | D28: 27 | E28: La Vitrina-27 | F28: Deli x La Me | G28: Irho | H28: 2009 | I28: 17 | J28: 48.14 | K28: 161 | L28: 6907 | M28: 6746 | N28: Vitis Olei | O28: Propio | P28: Productivo | Q28: =IF(R28="","",'Dashboard Ciclos'!$B$2-R28) -> 46248 | R28: =IF($E28="","",IFERROR(INDEX($W28:$GX28,MATCH('Dashboard Ciclos'!$B$2,$W$1:$GX$1,0)),"")) -> 1 | S28: =IF($Q28="","Sin dato",IF($R28<=CicloObjetivo,"En ciclo",IF($R28-CicloObjetivo<=5,"Vencido 1-5 d",IF($R28-CicloObjetivo<=10,"Vencido 6-10 d",IF($R28-CicloObjetivo<=15,"Vencido 11-15 d","Vencido +15 d"))))) -> En ciclo | T28: =IF($Q28="","Sin dato",IF($R28<VentanaCosecha,"Recién cortado",IF($R28<=CicloObjetivo,"En ciclo","Fuera de ciclo"))) -> Recién cortado | U28: =IF($Q28="","",CicloObjetivo-$R28) -> 11 | V28: =IF($Q28="","",$Q28+CicloObjetivo) -> 46260 | W28: =+X28-1 -> 18 | X28: =+Y28-1 -> 19 | Y28: =+Z28-1 -> 20 | Z28: =+AA28-1 -> 21 | AA28: 22 | AB28: =IF(AA28="","",AA28+1) -> 23 | AC28: =IF(AB28="","",AB28+1) -> 24 | AD28: =IF(AC28="","",AC28+1) -> 25 | AE28: =IF(AD28="","",AD28+1) -> 26 | AF28: =IF(AE28="","",AE28+1) -> 27 | AG28: 0 | AH28: =IF(AG28="","",AG28+1) -> 1 | AI28: =IF(AH28="","",AH28+1) -> 2 | AJ28: =IF(AI28="","",AI28+1) -> 3 | AK28: =IF(AJ28="","",AJ28+1) -> 4 | AL28: =IF(AK28="","",AK28+1) -> 5 | AM28: =IF(AL28="","",AL28+1) -> 6 | AN28: =IF(AM28="","",AM28+1) -> 7 | AO28: =IF(AN28="","",AN28+1) -> 8 | ... AX28: =IF(AW28="","",AW28+1) -> 17 | AY28: 0 | AZ28: =IF(AY28="","",AY28+1) -> 1 | BA28: =IF(AZ28="","",AZ28+1) -> 2 | BB28: =IF(BA28="","",BA28+1) -> 3 | BC28: =IF(BB28="","",BB28+1) -> 4 | BD28: =IF(BC28="","",BC28+1) -> 5 | BE28: =IF(BD28="","",BD28+1) -> 6 | BF28: =IF(BE28="","",BE28+1) -> 7 | BG28: =IF(BF28="","",BF28+1) -> 8 | ... BN28: =IF(BM28="","",BM28+1) -> 15 | BO28: 0 | BP28: =IF(BO28="","",BO28+1) -> 1 | BQ28: =IF(BP28="","",BP28+1) -> 2 | BR28: =IF(BQ28="","",BQ28+1) -> 3 | BS28: =IF(BR28="","",BR28+1) -> 4 | BT28: =IF(BS28="","",BS28+1) -> 5 | BU28: =IF(BT28="","",BT28+1) -> 6 | BV28: =IF(BU28="","",BU28+1) -> 7 | BW28: =IF(BV28="","",BV28+1) -> 8 | ... GX28: =IF(GW28="","",GW28+1) -> 139
A29: Vitis | B29: 3 | C29: La Vitrina | D29: 28 | E29: La Vitrina-28 | F29: Deli x Nigeria | G29: Asd | H29: 2009 | I29: 17 | J29: 23.15 | K29: 545 | L29: 3252 | M29: 2707 | N29: Vitis Olei | O29: Propio | P29: Productivo | Q29: =IF(R29="","",'Dashboard Ciclos'!$B$2-R29) -> 46240 | R29: =IF($E29="","",IFERROR(INDEX($W29:$GX29,MATCH('Dashboard Ciclos'!$B$2,$W$1:$GX$1,0)),"")) -> 9 | S29: =IF($Q29="","Sin dato",IF($R29<=CicloObjetivo,"En ciclo",IF($R29-CicloObjetivo<=5,"Vencido 1-5 d",IF($R29-CicloObjetivo<=10,"Vencido 6-10 d",IF($R29-CicloObjetivo<=15,"Vencido 11-15 d","Vencido +15 d"))))) -> En ciclo | T29: =IF($Q29="","Sin dato",IF($R29<VentanaCosecha,"Recién cortado",IF($R29<=CicloObjetivo,"En ciclo","Fuera de ciclo"))) -> En ciclo | U29: =IF($Q29="","",CicloObjetivo-$R29) -> 3 | V29: =IF($Q29="","",$Q29+CicloObjetivo) -> 46252 | W29: =+X29-1 -> 1 | X29: =+Y29-1 -> 2 | Y29: =+Z29-1 -> 3 | Z29: =+AA29-1 -> 4 | AA29: 5 | AB29: =IF(AA29="","",AA29+1) -> 6 | AC29: =IF(AB29="","",AB29+1) -> 7 | AD29: =IF(AC29="","",AC29+1) -> 8 | AE29: =IF(AD29="","",AD29+1) -> 9 | AF29: =IF(AE29="","",AE29+1) -> 10 | AG29: =IF(AF29="","",AF29+1) -> 11 | AH29: =IF(AG29="","",AG29+1) -> 12 | AI29: =IF(AH29="","",AH29+1) -> 13 | ... AM29: =IF(AL29="","",AL29+1) -> 17 | AN29: 0 | AO29: =IF(AN29="","",AN29+1) -> 1 | AP29: =IF(AO29="","",AO29+1) -> 2 | AQ29: =IF(AP29="","",AP29+1) -> 3 | AR29: =IF(AQ29="","",AQ29+1) -> 4 | AS29: =IF(AR29="","",AR29+1) -> 5 | AT29: =IF(AS29="","",AS29+1) -> 6 | AU29: =IF(AT29="","",AT29+1) -> 7 | AV29: =IF(AU29="","",AU29+1) -> 8 | ... BF29: =IF(BE29="","",BE29+1) -> 18 | BG29: 0 | BH29: =IF(BG29="","",BG29+1) -> 1 | BI29: =IF(BH29="","",BH29+1) -> 2 | BJ29: =IF(BI29="","",BI29+1) -> 3 | BK29: =IF(BJ29="","",BJ29+1) -> 4 | BL29: =IF(BK29="","",BK29+1) -> 5 | BM29: =IF(BL29="","",BL29+1) -> 6 | BN29: =IF(BM29="","",BM29+1) -> 7 | BO29: =IF(BN29="","",BN29+1) -> 8 | ... GX29: =IF(GW29="","",GW29+1) -> 147
A30: Vitis | B30: 2 | C30: Los Cambulos | D30: 29 | E30: Los Cambulos-29 | F30: Deli x La Me | G30: Irho | H30: 2009 | I30: 17 | J30: 11.89 | K30: 204 | L30: 1697 | M30: 1493 | N30: Vitis Olei | O30: Propio | P30: Productivo | Q30: =IF(R30="","",'Dashboard Ciclos'!$B$2-R30) -> 46248 | R30: =IF($E30="","",IFERROR(INDEX($W30:$GX30,MATCH('Dashboard Ciclos'!$B$2,$W$1:$GX$1,0)),"")) -> 1 | S30: =IF($Q30="","Sin dato",IF($R30<=CicloObjetivo,"En ciclo",IF($R30-CicloObjetivo<=5,"Vencido 1-5 d",IF($R30-CicloObjetivo<=10,"Vencido 6-10 d",IF($R30-CicloObjetivo<=15,"Vencido 11-15 d","Vencido +15 d"))))) -> En ciclo | T30: =IF($Q30="","Sin dato",IF($R30<VentanaCosecha,"Recién cortado",IF($R30<=CicloObjetivo,"En ciclo","Fuera de ciclo"))) -> Recién cortado | U30: =IF($Q30="","",CicloObjetivo-$R30) -> 11 | V30: =IF($Q30="","",$Q30+CicloObjetivo) -> 46260 | W30: =+X30-1 -> 10 | X30: =+Y30-1 -> 11 | Y30: =+Z30-1 -> 12 | Z30: =+AA30-1 -> 13 | AA30: 14 | AB30: =IF(AA30="","",AA30+1) -> 15 | AC30: =IF(AB30="","",AB30+1) -> 16 | AD30: =IF(AC30="","",AC30+1) -> 17 | AE30: =IF(AD30="","",AD30+1) -> 18 | AF30: =IF(AE30="","",AE30+1) -> 19 | AG30: =IF(AF30="","",AF30+1) -> 20 | AH30: =IF(AG30="","",AG30+1) -> 21 | AI30: =IF(AH30="","",AH30+1) -> 22 | ... AW30: =IF(AV30="","",AV30+1) -> 36 | AX30: 0 | AY30: =IF(AX30="","",AX30+1) -> 1 | AZ30: =IF(AY30="","",AY30+1) -> 2 | BA30: =IF(AZ30="","",AZ30+1) -> 3 | BB30: =IF(BA30="","",BA30+1) -> 4 | BC30: =IF(BB30="","",BB30+1) -> 5 | BD30: =IF(BC30="","",BC30+1) -> 6 | BE30: =IF(BD30="","",BD30+1) -> 7 | BF30: =IF(BE30="","",BE30+1) -> 8 | ... BN30: =IF(BM30="","",BM30+1) -> 16 | BO30: 0 | BP30: =IF(BO30="","",BO30+1) -> 1 | BQ30: =IF(BP30="","",BP30+1) -> 2 | BR30: =IF(BQ30="","",BQ30+1) -> 3 | BS30: =IF(BR30="","",BR30+1) -> 4 | BT30: =IF(BS30="","",BS30+1) -> 5 | BU30: =IF(BT30="","",BT30+1) -> 6 | BV30: =IF(BU30="","",BU30+1) -> 7 | BW30: =IF(BV30="","",BV30+1) -> 8 | ... GX30: =IF(GW30="","",GW30+1) -> 139
A31: Vitis | B31: 2 | C31: Los Cambulos | D31: 30 | E31: Los Cambulos-30 | F31: Deli x La Me | G31: Irho | H31: 2009 | I31: 17 | J31: 21.97 | K31: 296 | L31: 3107 | M31: 2811 | N31: Vitis Olei | O31: Propio | P31: Productivo | Q31: =IF(R31="","",'Dashboard Ciclos'!$B$2-R31) -> 46247 | R31: =IF($E31="","",IFERROR(INDEX($W31:$GX31,MATCH('Dashboard Ciclos'!$B$2,$W$1:$GX$1,0)),"")) -> 2 | S31: =IF($Q31="","Sin dato",IF($R31<=CicloObjetivo,"En ciclo",IF($R31-CicloObjetivo<=5,"Vencido 1-5 d",IF($R31-CicloObjetivo<=10,"Vencido 6-10 d",IF($R31-CicloObjetivo<=15,"Vencido 11-15 d","Vencido +15 d"))))) -> En ciclo | T31: =IF($Q31="","Sin dato",IF($R31<VentanaCosecha,"Recién cortado",IF($R31<=CicloObjetivo,"En ciclo","Fuera de ciclo"))) -> Recién cortado | U31: =IF($Q31="","",CicloObjetivo-$R31) -> 10 | V31: =IF($Q31="","",$Q31+CicloObjetivo) -> 46259 | W31: =+X31-1 -> 10 | X31: =+Y31-1 -> 11 | Y31: =+Z31-1 -> 12 | Z31: =+AA31-1 -> 13 | AA31: 14 | AB31: =IF(AA31="","",AA31+1) -> 15 | AC31: =IF(AB31="","",AB31+1) -> 16 | AD31: =IF(AC31="","",AC31+1) -> 17 | AE31: =IF(AD31="","",AD31+1) -> 18 | AF31: =IF(AE31="","",AE31+1) -> 19 | AG31: =IF(AF31="","",AF31+1) -> 20 | AH31: =IF(AG31="","",AG31+1) -> 21 | AI31: =IF(AH31="","",AH31+1) -> 22 | ... AT31: =IF(AS31="","",AS31+1) -> 33 | AU31: 0 | AV31: =IF(AU31="","",AU31+1) -> 1 | AW31: =IF(AV31="","",AV31+1) -> 2 | AX31: =IF(AW31="","",AW31+1) -> 3 | AY31: =IF(AX31="","",AX31+1) -> 4 | AZ31: =IF(AY31="","",AY31+1) -> 5 | BA31: =IF(AZ31="","",AZ31+1) -> 6 | BB31: =IF(BA31="","",BA31+1) -> 7 | BC31: =IF(BB31="","",BB31+1) -> 8 | ... BM31: =IF(BL31="","",BL31+1) -> 18 | BN31: 0 | BO31: =IF(BN31="","",BN31+1) -> 1 | BP31: =IF(BO31="","",BO31+1) -> 2 | BQ31: =IF(BP31="","",BP31+1) -> 3 | BR31: =IF(BQ31="","",BQ31+1) -> 4 | BS31: =IF(BR31="","",BR31+1) -> 5 | BT31: =IF(BS31="","",BS31+1) -> 6 | BU31: =IF(BT31="","",BT31+1) -> 7 | BV31: =IF(BU31="","",BU31+1) -> 8 | ... GX31: =IF(GW31="","",GW31+1) -> 140
A32: Vitis | B32: 2 | C32: La Bendición | D32: 16A | E32: La Bendición-16A | F32: Deli x Mezcla | G32: Mezcla | H32: 2010 | I32: 16 | J32: 6.99 | K32: 49 | L32: 992 | M32: 943 | N32: Vitis Olei | O32: Propio | P32: Productivo | Q32: =IF(R32="","",'Dashboard Ciclos'!$B$2-R32) -> 46239 | R32: =IF($E32="","",IFERROR(INDEX($W32:$GX32,MATCH('Dashboard Ciclos'!$B$2,$W$1:$GX$1,0)),"")) -> 10 | S32: =IF($Q32="","Sin dato",IF($R32<=CicloObjetivo,"En ciclo",IF($R32-CicloObjetivo<=5,"Vencido 1-5 d",IF($R32-CicloObjetivo<=10,"Vencido 6-10 d",IF($R32-CicloObjetivo<=15,"Vencido 11-15 d","Vencido +15 d"))))) -> En ciclo | T32: =IF($Q32="","Sin dato",IF($R32<VentanaCosecha,"Recién cortado",IF($R32<=CicloObjetivo,"En ciclo","Fuera de ciclo"))) -> En ciclo | U32: =IF($Q32="","",CicloObjetivo-$R32) -> 2 | V32: =IF($Q32="","",$Q32+CicloObjetivo) -> 46251 | W32: =+X32-1 -> 14 | X32: =+Y32-1 -> 15 | Y32: =+Z32-1 -> 16 | Z32: =+AA32-1 -> 17 | AA32: 18 | AB32: =IF(AA32="","",AA32+1) -> 19 | AC32: =IF(AB32="","",AB32+1) -> 20 | AD32: =IF(AC32="","",AC32+1) -> 21 | AE32: =IF(AD32="","",AD32+1) -> 22 | AF32: =IF(AE32="","",AE32+1) -> 23 | AG32: =IF(AF32="","",AF32+1) -> 24 | AH32: =IF(AG32="","",AG32+1) -> 25 | AI32: =IF(AH32="","",AH32+1) -> 26 | ... AP32: =IF(AO32="","",AO32+1) -> 33 | AQ32: 0 | AR32: =IF(AQ32="","",AQ32+1) -> 1 | AS32: =IF(AR32="","",AR32+1) -> 2 | AT32: =IF(AS32="","",AS32+1) -> 3 | AU32: =IF(AT32="","",AT32+1) -> 4 | AV32: =IF(AU32="","",AU32+1) -> 5 | AW32: =IF(AV32="","",AV32+1) -> 6 | AX32: =IF(AW32="","",AW32+1) -> 7 | AY32: =IF(AX32="","",AX32+1) -> 8 | ... BE32: =IF(BD32="","",BD32+1) -> 14 | BF32: 0 | BG32: =IF(BF32="","",BF32+1) -> 1 | BH32: =IF(BG32="","",BG32+1) -> 2 | BI32: =IF(BH32="","",BH32+1) -> 3 | BJ32: =IF(BI32="","",BI32+1) -> 4 | BK32: =IF(BJ32="","",BJ32+1) -> 5 | BL32: =IF(BK32="","",BK32+1) -> 6 | BM32: =IF(BL32="","",BL32+1) -> 7 | BN32: =IF(BM32="","",BM32+1) -> 8 | ... GX32: =IF(GW32="","",GW32+1) -> 148
A33: Vitis | B33: 2 | C33: Los Cambulos | D33: 19A | E33: Los Cambulos-19A | F33: Deli x Nigeria | G33: Asd | H33: 2010 | I33: 16 | J33: 10.35 | K33: 0 | L33: 2155 | M33: 2155 | N33: Vitis Olei | O33: Propio | P33: Productivo | Q33: =IF(R33="","",'Dashboard Ciclos'!$B$2-R33) -> 46240 | R33: =IF($E33="","",IFERROR(INDEX($W33:$GX33,MATCH('Dashboard Ciclos'!$B$2,$W$1:$GX$1,0)),"")) -> 9 | S33: =IF($Q33="","Sin dato",IF($R33<=CicloObjetivo,"En ciclo",IF($R33-CicloObjetivo<=5,"Vencido 1-5 d",IF($R33-CicloObjetivo<=10,"Vencido 6-10 d",IF($R33-CicloObjetivo<=15,"Vencido 11-15 d","Vencido +15 d"))))) -> En ciclo | T33: =IF($Q33="","Sin dato",IF($R33<VentanaCosecha,"Recién cortado",IF($R33<=CicloObjetivo,"En ciclo","Fuera de ciclo"))) -> En ciclo | U33: =IF($Q33="","",CicloObjetivo-$R33) -> 3 | V33: =IF($Q33="","",$Q33+CicloObjetivo) -> 46252 | W33: =+X33-1 -> 12 | X33: =+Y33-1 -> 13 | Y33: =+Z33-1 -> 14 | Z33: =+AA33-1 -> 15 | AA33: 16 | AB33: =IF(AA33="","",AA33+1) -> 17 | AC33: =IF(AB33="","",AB33+1) -> 18 | AD33: =IF(AC33="","",AC33+1) -> 19 | AE33: =IF(AD33="","",AD33+1) -> 20 | AF33: =IF(AE33="","",AE33+1) -> 21 | AG33: =IF(AF33="","",AF33+1) -> 22 | AH33: =IF(AG33="","",AG33+1) -> 23 | AI33: =IF(AH33="","",AH33+1) -> 24 | ... AR33: =IF(AQ33="","",AQ33+1) -> 33 | AS33: 0 | AT33: =IF(AS33="","",AS33+1) -> 1 | AU33: =IF(AT33="","",AT33+1) -> 2 | AV33: =IF(AU33="","",AU33+1) -> 3 | AW33: =IF(AV33="","",AV33+1) -> 4 | AX33: =IF(AW33="","",AW33+1) -> 5 | AY33: =IF(AX33="","",AX33+1) -> 6 | AZ33: =IF(AY33="","",AY33+1) -> 7 | BA33: =IF(AZ33="","",AZ33+1) -> 8 | ... BF33: =IF(BE33="","",BE33+1) -> 13 | BG33: 0 | BH33: =IF(BG33="","",BG33+1) -> 1 | BI33: =IF(BH33="","",BH33+1) -> 2 | BJ33: =IF(BI33="","",BI33+1) -> 3 | BK33: =IF(BJ33="","",BJ33+1) -> 4 | BL33: =IF(BK33="","",BK33+1) -> 5 | BM33: =IF(BL33="","",BL33+1) -> 6 | BN33: =IF(BM33="","",BM33+1) -> 7 | BO33: =IF(BN33="","",BN33+1) -> 8 | ... GX33: =IF(GW33="","",GW33+1) -> 147
A34: Vitis | B34: 2 | C34: Los Cambulos | D34: 20A | E34: Los Cambulos-20A | F34: Deli x La Me | G34: Irho | H34: 2010 | I34: 16 | J34: 13.56 | K34: 0 | L34: 1951 | M34: 1951 | N34: Vitis Olei | O34: Propio | P34: Productivo | Q34: =IF(R34="","",'Dashboard Ciclos'!$B$2-R34) -> 46240 | R34: =IF($E34="","",IFERROR(INDEX($W34:$GX34,MATCH('Dashboard Ciclos'!$B$2,$W$1:$GX$1,0)),"")) -> 9 | S34: =IF($Q34="","Sin dato",IF($R34<=CicloObjetivo,"En ciclo",IF($R34-CicloObjetivo<=5,"Vencido 1-5 d",IF($R34-CicloObjetivo<=10,"Vencido 6-10 d",IF($R34-CicloObjetivo<=15,"Vencido 11-15 d","Vencido +15 d"))))) -> En ciclo | T34: =IF($Q34="","Sin dato",IF($R34<VentanaCosecha,"Recién cortado",IF($R34<=CicloObjetivo,"En ciclo","Fuera de ciclo"))) -> En ciclo | U34: =IF($Q34="","",CicloObjetivo-$R34) -> 3 | V34: =IF($Q34="","",$Q34+CicloObjetivo) -> 46252 | W34: =+X34-1 -> 12 | X34: =+Y34-1 -> 13 | Y34: =+Z34-1 -> 14 | Z34: =+AA34-1 -> 15 | AA34: 16 | AB34: =IF(AA34="","",AA34+1) -> 17 | AC34: =IF(AB34="","",AB34+1) -> 18 | AD34: =IF(AC34="","",AC34+1) -> 19 | AE34: =IF(AD34="","",AD34+1) -> 20 | AF34: =IF(AE34="","",AE34+1) -> 21 | AG34: =IF(AF34="","",AF34+1) -> 22 | AH34: =IF(AG34="","",AG34+1) -> 23 | AI34: =IF(AH34="","",AH34+1) -> 24 | ... AR34: =IF(AQ34="","",AQ34+1) -> 33 | AS34: 0 | AT34: =IF(AS34="","",AS34+1) -> 1 | AU34: =IF(AT34="","",AT34+1) -> 2 | AV34: =IF(AU34="","",AU34+1) -> 3 | AW34: =IF(AV34="","",AV34+1) -> 4 | AX34: =IF(AW34="","",AW34+1) -> 5 | AY34: =IF(AX34="","",AX34+1) -> 6 | AZ34: =IF(AY34="","",AY34+1) -> 7 | BA34: =IF(AZ34="","",AZ34+1) -> 8 | ... BF34: =IF(BE34="","",BE34+1) -> 13 | BG34: 0 | BH34: =IF(BG34="","",BG34+1) -> 1 | BI34: =IF(BH34="","",BH34+1) -> 2 | BJ34: =IF(BI34="","",BI34+1) -> 3 | BK34: =IF(BJ34="","",BJ34+1) -> 4 | BL34: =IF(BK34="","",BK34+1) -> 5 | BM34: =IF(BL34="","",BL34+1) -> 6 | BN34: =IF(BM34="","",BM34+1) -> 7 | BO34: =IF(BN34="","",BN34+1) -> 8 | ... GX34: =IF(GW34="","",GW34+1) -> 147
A35: Vitis | B35: 3 | C35: La Bendición | D35: 25A | E35: La Bendición-25A | F35: Deli x La Me | G35: Irho | H35: 2010 | I35: 16 | J35: 10.76 | K35: 9 | L35: 1504 | M35: 1495 | N35: Vitis Olei | O35: Propio | P35: Productivo | Q35: =IF(R35="","",'Dashboard Ciclos'!$B$2-R35) -> 46238 | R35: =IF($E35="","",IFERROR(INDEX($W35:$GX35,MATCH('Dashboard Ciclos'!$B$2,$W$1:$GX$1,0)),"")) -> 11 | S35: =IF($Q35="","Sin dato",IF($R35<=CicloObjetivo,"En ciclo",IF($R35-CicloObjetivo<=5,"Vencido 1-5 d",IF($R35-CicloObjetivo<=10,"Vencido 6-10 d",IF($R35-CicloObjetivo<=15,"Vencido 11-15 d","Vencido +15 d"))))) -> En ciclo | T35: =IF($Q35="","Sin dato",IF($R35<VentanaCosecha,"Recién cortado",IF($R35<=CicloObjetivo,"En ciclo","Fuera de ciclo"))) -> En ciclo | U35: =IF($Q35="","",CicloObjetivo-$R35) -> 1 | V35: =IF($Q35="","",$Q35+CicloObjetivo) -> 46250 | W35: =+X35-1 -> 11 | X35: =+Y35-1 -> 12 | Y35: =+Z35-1 -> 13 | Z35: =+AA35-1 -> 14 | AA35: 15 | AB35: =IF(AA35="","",AA35+1) -> 16 | AC35: =IF(AB35="","",AB35+1) -> 17 | AD35: =IF(AC35="","",AC35+1) -> 18 | AE35: =IF(AD35="","",AD35+1) -> 19 | AF35: =IF(AE35="","",AE35+1) -> 20 | AG35: =IF(AF35="","",AF35+1) -> 21 | AH35: =IF(AG35="","",AG35+1) -> 22 | AI35: 0 | AJ35: =IF(AI35="","",AI35+1) -> 1 | AK35: =IF(AJ35="","",AJ35+1) -> 2 | AL35: =IF(AK35="","",AK35+1) -> 3 | AM35: =IF(AL35="","",AL35+1) -> 4 | AN35: =IF(AM35="","",AM35+1) -> 5 | AO35: =IF(AN35="","",AN35+1) -> 6 | AP35: =IF(AO35="","",AO35+1) -> 7 | AQ35: =IF(AP35="","",AP35+1) -> 8 | ... BD35: =IF(BC35="","",BC35+1) -> 21 | BE35: 0 | BF35: =IF(BE35="","",BE35+1) -> 1 | BG35: =IF(BF35="","",BF35+1) -> 2 | BH35: =IF(BG35="","",BG35+1) -> 3 | BI35: =IF(BH35="","",BH35+1) -> 4 | BJ35: =IF(BI35="","",BI35+1) -> 5 | BK35: =IF(BJ35="","",BJ35+1) -> 6 | BL35: =IF(BK35="","",BK35+1) -> 7 | BM35: =IF(BL35="","",BL35+1) -> 8 | ... GX35: =IF(GW35="","",GW35+1) -> 149
A36: Vitis | B36: 2 | C36: La Vitrina | D36: 31 | E36: La Vitrina-31 | F36: Deli x Yangambi | G36: Mezcla | H36: 2010 | I36: 16 | J36: 14.06 | K36: 140 | L36: 1993 | M36: 1853 | N36: Vitis Olei | O36: Propio | P36: Productivo | Q36: =IF(R36="","",'Dashboard Ciclos'!$B$2-R36) -> 46234 | R36: =IF($E36="","",IFERROR(INDEX($W36:$GX36,MATCH('Dashboard Ciclos'!$B$2,$W$1:$GX$1,0)),"")) -> 15 | S36: =IF($Q36="","Sin dato",IF($R36<=CicloObjetivo,"En ciclo",IF($R36-CicloObjetivo<=5,"Vencido 1-5 d",IF($R36-CicloObjetivo<=10,"Vencido 6-10 d",IF($R36-CicloObjetivo<=15,"Vencido 11-15 d","Vencido +15 d"))))) -> Vencido 1-5 d | T36: =IF($Q36="","Sin dato",IF($R36<VentanaCosecha,"Recién cortado",IF($R36<=CicloObjetivo,"En ciclo","Fuera de ciclo"))) -> Fuera de ciclo | U36: =IF($Q36="","",CicloObjetivo-$R36) -> -3 | V36: =IF($Q36="","",$Q36+CicloObjetivo) -> 46246 | W36: =+X36-1 -> 8 | X36: =+Y36-1 -> 9 | Y36: =+Z36-1 -> 10 | Z36: =+AA36-1 -> 11 | AA36: 12 | AB36: =IF(AA36="","",AA36+1) -> 13 | AC36: =IF(AB36="","",AB36+1) -> 14 | AD36: =IF(AC36="","",AC36+1) -> 15 | AE36: =IF(AD36="","",AD36+1) -> 16 | AF36: =IF(AE36="","",AE36+1) -> 17 | AG36: =IF(AF36="","",AF36+1) -> 18 | AH36: =IF(AG36="","",AG36+1) -> 19 | AI36: =IF(AH36="","",AH36+1) -> 20 | ... AZ36: =IF(AY36="","",AY36+1) -> 37 | BA36: 0 | BB36: =IF(BA36="","",BA36+1) -> 1 | BC36: =IF(BB36="","",BB36+1) -> 2 | BD36: =IF(BC36="","",BC36+1) -> 3 | BE36: =IF(BD36="","",BD36+1) -> 4 | BF36: =IF(BE36="","",BE36+1) -> 5 | BG36: =IF(BF36="","",BF36+1) -> 6 | BH36: =IF(BG36="","",BG36+1) -> 7 | BI36: =IF(BH36="","",BH36+1) -> 8 | ... GX36: =IF(GW36="","",GW36+1) -> 153
A37: Vitis | B37: 2 | C37: Los Cambulos | D37: 32 | E37: Los Cambulos-32 | F37: Deli x La Me | G37: Mezcla | H37: 2010 | I37: 16 | J37: 14.18 | K37: 220 | L37: 2025 | M37: 1805 | N37: Vitis Olei | O37: Propio | P37: Productivo | Q37: =IF(R37="","",'Dashboard Ciclos'!$B$2-R37) -> 46248 | R37: =IF($E37="","",IFERROR(INDEX($W37:$GX37,MATCH('Dashboard Ciclos'!$B$2,$W$1:$GX$1,0)),"")) -> 1 | S37: =IF($Q37="","Sin dato",IF($R37<=CicloObjetivo,"En ciclo",IF($R37-CicloObjetivo<=5,"Vencido 1-5 d",IF($R37-CicloObjetivo<=10,"Vencido 6-10 d",IF($R37-CicloObjetivo<=15,"Vencido 11-15 d","Vencido +15 d"))))) -> En ciclo | T37: =IF($Q37="","Sin dato",IF($R37<VentanaCosecha,"Recién cortado",IF($R37<=CicloObjetivo,"En ciclo","Fuera de ciclo"))) -> Recién cortado | U37: =IF($Q37="","",CicloObjetivo-$R37) -> 11 | V37: =IF($Q37="","",$Q37+CicloObjetivo) -> 46260 | W37: =+X37-1 -> 8 | X37: =+Y37-1 -> 9 | Y37: =+Z37-1 -> 10 | Z37: =+AA37-1 -> 11 | AA37: 12 | AB37: =IF(AA37="","",AA37+1) -> 13 | AC37: =IF(AB37="","",AB37+1) -> 14 | AD37: =IF(AC37="","",AC37+1) -> 15 | AE37: =IF(AD37="","",AD37+1) -> 16 | AF37: =IF(AE37="","",AE37+1) -> 17 | AG37: =IF(AF37="","",AF37+1) -> 18 | AH37: =IF(AG37="","",AG37+1) -> 19 | AI37: =IF(AH37="","",AH37+1) -> 20 | ... AX37: =IF(AW37="","",AW37+1) -> 35 | AY37: 0 | AZ37: =IF(AY37="","",AY37+1) -> 1 | BA37: =IF(AZ37="","",AZ37+1) -> 2 | BB37: =IF(BA37="","",BA37+1) -> 3 | BC37: =IF(BB37="","",BB37+1) -> 4 | BD37: =IF(BC37="","",BC37+1) -> 5 | BE37: =IF(BD37="","",BD37+1) -> 6 | BF37: =IF(BE37="","",BE37+1) -> 7 | BG37: =IF(BF37="","",BF37+1) -> 8 | ... BN37: =IF(BM37="","",BM37+1) -> 15 | BO37: 0 | BP37: =IF(BO37="","",BO37+1) -> 1 | BQ37: =IF(BP37="","",BP37+1) -> 2 | BR37: =IF(BQ37="","",BQ37+1) -> 3 | BS37: =IF(BR37="","",BR37+1) -> 4 | BT37: =IF(BS37="","",BS37+1) -> 5 | BU37: =IF(BT37="","",BT37+1) -> 6 | BV37: =IF(BU37="","",BU37+1) -> 7 | BW37: =IF(BV37="","",BV37+1) -> 8 | ... GX37: =IF(GW37="","",GW37+1) -> 139
A38: Vitis | B38: 2 | C38: Los Cambulos | D38: 33 | E38: Los Cambulos-33 | F38: Eugenias | G38: Asd | H38: 2010 | I38: 16 | J38: 30.08 | K38: 92 | L38: 4310 | M38: 4218 | N38: Vitis Olei | O38: Propio | P38: Productivo | Q38: =IF(R38="","",'Dashboard Ciclos'!$B$2-R38) -> 46238 | R38: =IF($E38="","",IFERROR(INDEX($W38:$GX38,MATCH('Dashboard Ciclos'!$B$2,$W$1:$GX$1,0)),"")) -> 11 | S38: =IF($Q38="","Sin dato",IF($R38<=CicloObjetivo,"En ciclo",IF($R38-CicloObjetivo<=5,"Vencido 1-5 d",IF($R38-CicloObjetivo<=10,"Vencido 6-10 d",IF($R38-CicloObjetivo<=15,"Vencido 11-15 d","Vencido +15 d"))))) -> En ciclo | T38: =IF($Q38="","Sin dato",IF($R38<VentanaCosecha,"Recién cortado",IF($R38<=CicloObjetivo,"En ciclo","Fuera de ciclo"))) -> En ciclo | U38: =IF($Q38="","",CicloObjetivo-$R38) -> 1 | V38: =IF($Q38="","",$Q38+CicloObjetivo) -> 46250 | W38: =+X38-1 -> 6 | X38: =+Y38-1 -> 7 | Y38: =+Z38-1 -> 8 | Z38: =+AA38-1 -> 9 | AA38: 10 | AB38: =IF(AA38="","",AA38+1) -> 11 | AC38: =IF(AB38="","",AB38+1) -> 12 | AD38: =IF(AC38="","",AC38+1) -> 13 | AE38: =IF(AD38="","",AD38+1) -> 14 | AF38: =IF(AE38="","",AE38+1) -> 15 | AG38: =IF(AF38="","",AF38+1) -> 16 | AH38: =IF(AG38="","",AG38+1) -> 17 | AI38: =IF(AH38="","",AH38+1) -> 18 | ... BD38: =IF(BC38="","",BC38+1) -> 39 | BE38: 0 | BF38: =IF(BE38="","",BE38+1) -> 1 | BG38: =IF(BF38="","",BF38+1) -> 2 | BH38: =IF(BG38="","",BG38+1) -> 3 | BI38: =IF(BH38="","",BH38+1) -> 4 | BJ38: =IF(BI38="","",BI38+1) -> 5 | BK38: =IF(BJ38="","",BJ38+1) -> 6 | BL38: =IF(BK38="","",BK38+1) -> 7 | BM38: =IF(BL38="","",BL38+1) -> 8 | ... GX38: =IF(GW38="","",GW38+1) -> 149
A39: Vitis | B39: 2 | C39: Los Cambulos | D39: 33A | E39: Los Cambulos-33A | F39: Eugenias | G39: Asd | H39: 2010 | I39: 16 | J39: 12.97 | K39: 126 | L39: 1813 | M39: 1687 | N39: Vitis Olei | O39: Propio | P39: Productivo | Q39: =IF(R39="","",'Dashboard Ciclos'!$B$2-R39) -> 46240 | R39: =IF($E39="","",IFERROR(INDEX($W39:$GX39,MATCH('Dashboard Ciclos'!$B$2,$W$1:$GX$1,0)),"")) -> 9 | S39: =IF($Q39="","Sin dato",IF($R39<=CicloObjetivo,"En ciclo",IF($R39-CicloObjetivo<=5,"Vencido 1-5 d",IF($R39-CicloObjetivo<=10,"Vencido 6-10 d",IF($R39-CicloObjetivo<=15,"Vencido 11-15 d","Vencido +15 d"))))) -> En ciclo | T39: =IF($Q39="","Sin dato",IF($R39<VentanaCosecha,"Recién cortado",IF($R39<=CicloObjetivo,"En ciclo","Fuera de ciclo"))) -> En ciclo | U39: =IF($Q39="","",CicloObjetivo-$R39) -> 3 | V39: =IF($Q39="","",$Q39+CicloObjetivo) -> 46252 | W39: =+X39-1 -> 6 | X39: =+Y39-1 -> 7 | Y39: =+Z39-1 -> 8 | Z39: =+AA39-1 -> 9 | AA39: 10 | AB39: =IF(AA39="","",AA39+1) -> 11 | AC39: =IF(AB39="","",AB39+1) -> 12 | AD39: =IF(AC39="","",AC39+1) -> 13 | AE39: =IF(AD39="","",AD39+1) -> 14 | AF39: =IF(AE39="","",AE39+1) -> 15 | AG39: =IF(AF39="","",AF39+1) -> 16 | AH39: =IF(AG39="","",AG39+1) -> 17 | AI39: =IF(AH39="","",AH39+1) -> 18 | ... BF39: =IF(BE39="","",BE39+1) -> 41 | BG39: 0 | BH39: =IF(BG39="","",BG39+1) -> 1 | BI39: =IF(BH39="","",BH39+1) -> 2 | BJ39: =IF(BI39="","",BI39+1) -> 3 | BK39: =IF(BJ39="","",BJ39+1) -> 4 | BL39: =IF(BK39="","",BK39+1) -> 5 | BM39: =IF(BL39="","",BL39+1) -> 6 | BN39: =IF(BM39="","",BM39+1) -> 7 | BO39: =IF(BN39="","",BN39+1) -> 8 | ... GX39: =IF(GW39="","",GW39+1) -> 147
A40: Vitis | B40: 2 | C40: Los Cambulos | D40: 34 | E40: Los Cambulos-34 | F40: Deli x Nigeria | G40: Asd | H40: 2010 | I40: 16 | J40: 25.38 | K40: 187 | L40: 3587 | M40: 3400 | N40: Vitis Olei | O40: Propio | P40: Productivo | Q40: =IF(R40="","",'Dashboard Ciclos'!$B$2-R40) -> 46238 | R40: =IF($E40="","",IFERROR(INDEX($W40:$GX40,MATCH('Dashboard Ciclos'!$B$2,$W$1:$GX$1,0)),"")) -> 11 | S40: =IF($Q40="","Sin dato",IF($R40<=CicloObjetivo,"En ciclo",IF($R40-CicloObjetivo<=5,"Vencido 1-5 d",IF($R40-CicloObjetivo<=10,"Vencido 6-10 d",IF($R40-CicloObjetivo<=15,"Vencido 11-15 d","Vencido +15 d"))))) -> En ciclo | T40: =IF($Q40="","Sin dato",IF($R40<VentanaCosecha,"Recién cortado",IF($R40<=CicloObjetivo,"En ciclo","Fuera de ciclo"))) -> En ciclo | U40: =IF($Q40="","",CicloObjetivo-$R40) -> 1 | V40: =IF($Q40="","",$Q40+CicloObjetivo) -> 46250 | W40: =+X40-1 -> 6 | X40: =+Y40-1 -> 7 | Y40: =+Z40-1 -> 8 | Z40: =+AA40-1 -> 9 | AA40: 10 | AB40: =IF(AA40="","",AA40+1) -> 11 | AC40: =IF(AB40="","",AB40+1) -> 12 | AD40: =IF(AC40="","",AC40+1) -> 13 | AE40: =IF(AD40="","",AD40+1) -> 14 | AF40: =IF(AE40="","",AE40+1) -> 15 | AG40: =IF(AF40="","",AF40+1) -> 16 | AH40: =IF(AG40="","",AG40+1) -> 17 | AI40: =IF(AH40="","",AH40+1) -> 18 | ... BD40: =IF(BC40="","",BC40+1) -> 39 | BE40: 0 | BF40: =IF(BE40="","",BE40+1) -> 1 | BG40: =IF(BF40="","",BF40+1) -> 2 | BH40: =IF(BG40="","",BG40+1) -> 3 | BI40: =IF(BH40="","",BH40+1) -> 4 | BJ40: =IF(BI40="","",BI40+1) -> 5 | BK40: =IF(BJ40="","",BJ40+1) -> 6 | BL40: =IF(BK40="","",BK40+1) -> 7 | BM40: =IF(BL40="","",BL40+1) -> 8 | ... GX40: =IF(GW40="","",GW40+1) -> 149
A41: Vitis | B41: 2 | C41: Los Cambulos | D41: 34A | E41: Los Cambulos-34A | F41: Deli x Nigeria | G41: Asd | H41: 2010 | I41: 16 | J41: 11.13 | K41: 0 | L41: 1595 | M41: 1595 | N41: Vitis Olei | O41: Propio | P41: Productivo | Q41: =IF(R41="","",'Dashboard Ciclos'!$B$2-R41) -> 46239 | R41: =IF($E41="","",IFERROR(INDEX($W41:$GX41,MATCH('Dashboard Ciclos'!$B$2,$W$1:$GX$1,0)),"")) -> 10 | S41: =IF($Q41="","Sin dato",IF($R41<=CicloObjetivo,"En ciclo",IF($R41-CicloObjetivo<=5,"Vencido 1-5 d",IF($R41-CicloObjetivo<=10,"Vencido 6-10 d",IF($R41-CicloObjetivo<=15,"Vencido 11-15 d","Vencido +15 d"))))) -> En ciclo | T41: =IF($Q41="","Sin dato",IF($R41<VentanaCosecha,"Recién cortado",IF($R41<=CicloObjetivo,"En ciclo","Fuera de ciclo"))) -> En ciclo | U41: =IF($Q41="","",CicloObjetivo-$R41) -> 2 | V41: =IF($Q41="","",$Q41+CicloObjetivo) -> 46251 | W41: =+X41-1 -> 4 | X41: =+Y41-1 -> 5 | Y41: =+Z41-1 -> 6 | Z41: =+AA41-1 -> 7 | AA41: 8 | AB41: =IF(AA41="","",AA41+1) -> 9 | AC41: =IF(AB41="","",AB41+1) -> 10 | AD41: =IF(AC41="","",AC41+1) -> 11 | AE41: =IF(AD41="","",AD41+1) -> 12 | AF41: =IF(AE41="","",AE41+1) -> 13 | AG41: =IF(AF41="","",AF41+1) -> 14 | AH41: =IF(AG41="","",AG41+1) -> 15 | AI41: =IF(AH41="","",AH41+1) -> 16 | ... BE41: =IF(BD41="","",BD41+1) -> 38 | BF41: 0 | BG41: =IF(BF41="","",BF41+1) -> 1 | BH41: =IF(BG41="","",BG41+1) -> 2 | BI41: =IF(BH41="","",BH41+1) -> 3 | BJ41: =IF(BI41="","",BI41+1) -> 4 | BK41: =IF(BJ41="","",BJ41+1) -> 5 | BL41: =IF(BK41="","",BK41+1) -> 6 | BM41: =IF(BL41="","",BL41+1) -> 7 | BN41: =IF(BM41="","",BM41+1) -> 8 | ... GX41: =IF(GW41="","",GW41+1) -> 148
A42: Vitis | B42: 2 | C42: Los Cambulos | D42: 35 | E42: Los Cambulos-35 | F42: Eugenias | G42: Duras | H42: 2010 | I42: 16 | J42: 17.87 | K42: 173 | L42: 2211 | M42: 2038 | N42: Vitis Olei | O42: Propio | P42: Productivo | Q42: =IF(R42="","",'Dashboard Ciclos'!$B$2-R42) -> 46242 | R42: =IF($E42="","",IFERROR(INDEX($W42:$GX42,MATCH('Dashboard Ciclos'!$B$2,$W$1:$GX$1,0)),"")) -> 7 | S42: =IF($Q42="","Sin dato",IF($R42<=CicloObjetivo,"En ciclo",IF($R42-CicloObjetivo<=5,"Vencido 1-5 d",IF($R42-CicloObjetivo<=10,"Vencido 6-10 d",IF($R42-CicloObjetivo<=15,"Vencido 11-15 d","Vencido +15 d"))))) -> En ciclo | T42: =IF($Q42="","Sin dato",IF($R42<VentanaCosecha,"Recién cortado",IF($R42<=CicloObjetivo,"En ciclo","Fuera de ciclo"))) -> En ciclo | U42: =IF($Q42="","",CicloObjetivo-$R42) -> 5 | V42: =IF($Q42="","",$Q42+CicloObjetivo) -> 46254 | W42: =+X42-1 -> 2 | X42: =+Y42-1 -> 3 | Y42: =+Z42-1 -> 4 | Z42: =+AA42-1 -> 5 | AA42: 6 | AB42: =IF(AA42="","",AA42+1) -> 7 | AC42: =IF(AB42="","",AB42+1) -> 8 | AD42: =IF(AC42="","",AC42+1) -> 9 | AE42: =IF(AD42="","",AD42+1) -> 10 | AF42: =IF(AE42="","",AE42+1) -> 11 | AG42: =IF(AF42="","",AF42+1) -> 12 | AH42: =IF(AG42="","",AG42+1) -> 13 | AI42: =IF(AH42="","",AH42+1) -> 14 | ... BH42: =IF(BG42="","",BG42+1) -> 39 | BI42: 0 | BJ42: =IF(BI42="","",BI42+1) -> 1 | BK42: =IF(BJ42="","",BJ42+1) -> 2 | BL42: =IF(BK42="","",BK42+1) -> 3 | BM42: =IF(BL42="","",BL42+1) -> 4 | BN42: =IF(BM42="","",BM42+1) -> 5 | BO42: =IF(BN42="","",BN42+1) -> 6 | BP42: =IF(BO42="","",BO42+1) -> 7 | BQ42: =IF(BP42="","",BP42+1) -> 8 | ... GX42: =IF(GW42="","",GW42+1) -> 145
A43: Vitis | B43: 2 | C43: Los Cambulos | D43: 35A | E43: Los Cambulos-35A | F43: Eugenias | G43: Duras | H43: 2010 | I43: 16 | J43: 16.5 | K43: 68 | L43: 1846 | M43: 1778 | N43: Vitis Olei | O43: Propio | P43: Productivo | Q43: =IF(R43="","",'Dashboard Ciclos'!$B$2-R43) -> 46246 | R43: =IF($E43="","",IFERROR(INDEX($W43:$GX43,MATCH('Dashboard Ciclos'!$B$2,$W$1:$GX$1,0)),"")) -> 3 | S43: =IF($Q43="","Sin dato",IF($R43<=CicloObjetivo,"En ciclo",IF($R43-CicloObjetivo<=5,"Vencido 1-5 d",IF($R43-CicloObjetivo<=10,"Vencido 6-10 d",IF($R43-CicloObjetivo<=15,"Vencido 11-15 d","Vencido +15 d"))))) -> En ciclo | T43: =IF($Q43="","Sin dato",IF($R43<VentanaCosecha,"Recién cortado",IF($R43<=CicloObjetivo,"En ciclo","Fuera de ciclo"))) -> Recién cortado | U43: =IF($Q43="","",CicloObjetivo-$R43) -> 9 | V43: =IF($Q43="","",$Q43+CicloObjetivo) -> 46258 | W43: =+X43-1 -> -1 | X43: =+Y43-1 -> 0 | Y43: =+Z43-1 -> 1 | Z43: =+AA43-1 -> 2 | AA43: 3 | AB43: =IF(AA43="","",AA43+1) -> 4 | AC43: =IF(AB43="","",AB43+1) -> 5 | AD43: =IF(AC43="","",AC43+1) -> 6 | AE43: =IF(AD43="","",AD43+1) -> 7 | AF43: =IF(AE43="","",AE43+1) -> 8 | AG43: =IF(AF43="","",AF43+1) -> 9 | AH43: =IF(AG43="","",AG43+1) -> 10 | AI43: =IF(AH43="","",AH43+1) -> 11 | ... BL43: =IF(BK43="","",BK43+1) -> 40 | BM43: 0 | BN43: =IF(BM43="","",BM43+1) -> 1 | BO43: =IF(BN43="","",BN43+1) -> 2 | BP43: =IF(BO43="","",BO43+1) -> 3 | BQ43: =IF(BP43="","",BP43+1) -> 4 | BR43: =IF(BQ43="","",BQ43+1) -> 5 | BS43: =IF(BR43="","",BR43+1) -> 6 | BT43: =IF(BS43="","",BS43+1) -> 7 | BU43: =IF(BT43="","",BT43+1) -> 8 | ... GX43: =IF(GW43="","",GW43+1) -> 141
A44: Vitis | B44: 3 | C44: La Vitrina | D44: 36 | E44: La Vitrina-36 | F44: Deli x Nigeria | G44: Asd | H44: 2010 | I44: 16 | J44: 16.98 | K44: 278 | L44: 2442 | M44: 2164 | N44: Vitis Olei | O44: Propio | P44: Productivo | Q44: =IF(R44="","",'Dashboard Ciclos'!$B$2-R44) -> 46231 | R44: =IF($E44="","",IFERROR(INDEX($W44:$GX44,MATCH('Dashboard Ciclos'!$B$2,$W$1:$GX$1,0)),"")) -> 18 | S44: =IF($Q44="","Sin dato",IF($R44<=CicloObjetivo,"En ciclo",IF($R44-CicloObjetivo<=5,"Vencido 1-5 d",IF($R44-CicloObjetivo<=10,"Vencido 6-10 d",IF($R44-CicloObjetivo<=15,"Vencido 11-15 d","Vencido +15 d"))))) -> Vencido 6-10 d | T44: =IF($Q44="","Sin dato",IF($R44<VentanaCosecha,"Recién cortado",IF($R44<=CicloObjetivo,"En ciclo","Fuera de ciclo"))) -> Fuera de ciclo | U44: =IF($Q44="","",CicloObjetivo-$R44) -> -6 | V44: =IF($Q44="","",$Q44+CicloObjetivo) -> 46243 | W44: =+X44-1 -> 19 | X44: =+Y44-1 -> 20 | Y44: =+Z44-1 -> 21 | Z44: =+AA44-1 -> 22 | AA44: 23 | AB44: =IF(AA44="","",AA44+1) -> 24 | AC44: =IF(AB44="","",AB44+1) -> 25 | AD44: =IF(AC44="","",AC44+1) -> 26 | AE44: 0 | AF44: =IF(AE44="","",AE44+1) -> 1 | AG44: =IF(AF44="","",AF44+1) -> 2 | AH44: =IF(AG44="","",AG44+1) -> 3 | AI44: =IF(AH44="","",AH44+1) -> 4 | AJ44: =IF(AI44="","",AI44+1) -> 5 | AK44: =IF(AJ44="","",AJ44+1) -> 6 | AL44: =IF(AK44="","",AK44+1) -> 7 | AM44: =IF(AL44="","",AL44+1) -> 8 | ... AW44: =IF(AV44="","",AV44+1) -> 18 | AX44: 0 | AY44: =IF(AX44="","",AX44+1) -> 1 | AZ44: =IF(AY44="","",AY44+1) -> 2 | BA44: =IF(AZ44="","",AZ44+1) -> 3 | BB44: =IF(BA44="","",BA44+1) -> 4 | BC44: =IF(BB44="","",BB44+1) -> 5 | BD44: =IF(BC44="","",BC44+1) -> 6 | BE44: =IF(BD44="","",BD44+1) -> 7 | BF44: =IF(BE44="","",BE44+1) -> 8 | ... GX44: =IF(GW44="","",GW44+1) -> 156
A45: Vitis | B45: 3 | C45: La Pradera | D45: 37 | E45: La Pradera-37 | F45: Deli x La Me | G45: Asd | H45: 2010 | I45: 16 | J45: 70.85 | K45: 234 | L45: 10037 | M45: 9803 | N45: Vitis Olei | O45: Propio | P45: Productivo | Q45: =IF(R45="","",'Dashboard Ciclos'!$B$2-R45) -> 46245 | R45: =IF($E45="","",IFERROR(INDEX($W45:$GX45,MATCH('Dashboard Ciclos'!$B$2,$W$1:$GX$1,0)),"")) -> 4 | S45: =IF($Q45="","Sin dato",IF($R45<=CicloObjetivo,"En ciclo",IF($R45-CicloObjetivo<=5,"Vencido 1-5 d",IF($R45-CicloObjetivo<=10,"Vencido 6-10 d",IF($R45-CicloObjetivo<=15,"Vencido 11-15 d","Vencido +15 d"))))) -> En ciclo | T45: =IF($Q45="","Sin dato",IF($R45<VentanaCosecha,"Recién cortado",IF($R45<=CicloObjetivo,"En ciclo","Fuera de ciclo"))) -> Recién cortado | U45: =IF($Q45="","",CicloObjetivo-$R45) -> 8 | V45: =IF($Q45="","",$Q45+CicloObjetivo) -> 46257 | W45: =+X45-1 -> -2 | X45: =+Y45-1 -> -1 | Y45: =+Z45-1 -> 0 | Z45: =+AA45-1 -> 1 | AA45: 2 | AB45: =IF(AA45="","",AA45+1) -> 3 | AC45: =IF(AB45="","",AB45+1) -> 4 | AD45: =IF(AC45="","",AC45+1) -> 5 | AE45: =IF(AD45="","",AD45+1) -> 6 | AF45: =IF(AE45="","",AE45+1) -> 7 | AG45: =IF(AF45="","",AF45+1) -> 8 | AH45: =IF(AG45="","",AG45+1) -> 9 | AI45: =IF(AH45="","",AH45+1) -> 10 | ... AV45: =IF(AU45="","",AU45+1) -> 23 | AW45: 0 | AX45: =IF(AW45="","",AW45+1) -> 1 | AY45: =IF(AX45="","",AX45+1) -> 2 | AZ45: =IF(AY45="","",AY45+1) -> 3 | BA45: =IF(AZ45="","",AZ45+1) -> 4 | BB45: =IF(BA45="","",BA45+1) -> 5 | BC45: =IF(BB45="","",BB45+1) -> 6 | BD45: =IF(BC45="","",BC45+1) -> 7 | BE45: =IF(BD45="","",BD45+1) -> 8 | ... BK45: =IF(BJ45="","",BJ45+1) -> 14 | BL45: 0 | BM45: =IF(BL45="","",BL45+1) -> 1 | BN45: =IF(BM45="","",BM45+1) -> 2 | BO45: =IF(BN45="","",BN45+1) -> 3 | BP45: =IF(BO45="","",BO45+1) -> 4 | BQ45: =IF(BP45="","",BP45+1) -> 5 | BR45: =IF(BQ45="","",BQ45+1) -> 6 | BS45: =IF(BR45="","",BR45+1) -> 7 | BT45: =IF(BS45="","",BS45+1) -> 8 | ... GX45: =IF(GW45="","",GW45+1) -> 142
A46: Vitis | B46: 3 | C46: La Bendición | D46: 38 | E46: La Bendición-38 | F46: Deli x Yangambi | G46: Mezcla | H46: 2010 | I46: 16 | J46: 62.01 | K46: 0 | L46: 8908 | M46: 8908 | N46: Vitis Olei | O46: Propio | P46: Productivo | Q46: =IF(R46="","",'Dashboard Ciclos'!$B$2-R46) -> 46245 | R46: =IF($E46="","",IFERROR(INDEX($W46:$GX46,MATCH('Dashboard Ciclos'!$B$2,$W$1:$GX$1,0)),"")) -> 4 | S46: =IF($Q46="","Sin dato",IF($R46<=CicloObjetivo,"En ciclo",IF($R46-CicloObjetivo<=5,"Vencido 1-5 d",IF($R46-CicloObjetivo<=10,"Vencido 6-10 d",IF($R46-CicloObjetivo<=15,"Vencido 11-15 d","Vencido +15 d"))))) -> En ciclo | T46: =IF($Q46="","Sin dato",IF($R46<VentanaCosecha,"Recién cortado",IF($R46<=CicloObjetivo,"En ciclo","Fuera de ciclo"))) -> Recién cortado | U46: =IF($Q46="","",CicloObjetivo-$R46) -> 8 | V46: =IF($Q46="","",$Q46+CicloObjetivo) -> 46257 | W46: =+X46-1 -> 10 | X46: =+Y46-1 -> 11 | Y46: =+Z46-1 -> 12 | Z46: =+AA46-1 -> 13 | AA46: 14 | AB46: =IF(AA46="","",AA46+1) -> 15 | AC46: =IF(AB46="","",AB46+1) -> 16 | AD46: =IF(AC46="","",AC46+1) -> 17 | AE46: =IF(AD46="","",AD46+1) -> 18 | AF46: =IF(AE46="","",AE46+1) -> 19 | AG46: =IF(AF46="","",AF46+1) -> 20 | AH46: =IF(AG46="","",AG46+1) -> 21 | AI46: =IF(AH46="","",AH46+1) -> 22 | AJ46: 0 | AK46: =IF(AJ46="","",AJ46+1) -> 1 | AL46: =IF(AK46="","",AK46+1) -> 2 | AM46: =IF(AL46="","",AL46+1) -> 3 | AN46: =IF(AM46="","",AM46+1) -> 4 | AO46: =IF(AN46="","",AN46+1) -> 5 | AP46: =IF(AO46="","",AO46+1) -> 6 | AQ46: =IF(AP46="","",AP46+1) -> 7 | AR46: =IF(AQ46="","",AQ46+1) -> 8 | ... AZ46: =IF(AY46="","",AY46+1) -> 16 | BA46: 0 | BB46: =IF(BA46="","",BA46+1) -> 1 | BC46: =IF(BB46="","",BB46+1) -> 2 | BD46: =IF(BC46="","",BC46+1) -> 3 | BE46: =IF(BD46="","",BD46+1) -> 4 | BF46: =IF(BE46="","",BE46+1) -> 5 | BG46: =IF(BF46="","",BF46+1) -> 6 | BH46: =IF(BG46="","",BG46+1) -> 7 | BI46: =IF(BH46="","",BH46+1) -> 8 | ... BK46: =IF(BJ46="","",BJ46+1) -> 10 | BL46: 0 | BM46: =IF(BL46="","",BL46+1) -> 1 | BN46: =IF(BM46="","",BM46+1) -> 2 | BO46: =IF(BN46="","",BN46+1) -> 3 | BP46: =IF(BO46="","",BO46+1) -> 4 | BQ46: =IF(BP46="","",BP46+1) -> 5 | BR46: =IF(BQ46="","",BQ46+1) -> 6 | BS46: =IF(BR46="","",BR46+1) -> 7 | BT46: =IF(BS46="","",BS46+1) -> 8 | ... GX46: =IF(GW46="","",GW46+1) -> 142
A47: Vitis | B47: 3 | C47: La Bendición | D47: 38A | E47: La Bendición-38A | F47: Deli x Mezcla | G47: Mezcla | H47: 2010 | I47: 16 | J47: 10.24 | K47: 0 | L47: 1426 | M47: 1426 | N47: Vitis Olei | O47: Propio | P47: Productivo | Q47: =IF(R47="","",'Dashboard Ciclos'!$B$2-R47) -> 46244 | R47: =IF($E47="","",IFERROR(INDEX($W47:$GX47,MATCH('Dashboard Ciclos'!$B$2,$W$1:$GX$1,0)),"")) -> 5 | S47: =IF($Q47="","Sin dato",IF($R47<=CicloObjetivo,"En ciclo",IF($R47-CicloObjetivo<=5,"Vencido 1-5 d",IF($R47-CicloObjetivo<=10,"Vencido 6-10 d",IF($R47-CicloObjetivo<=15,"Vencido 11-15 d","Vencido +15 d"))))) -> En ciclo | T47: =IF($Q47="","Sin dato",IF($R47<VentanaCosecha,"Recién cortado",IF($R47<=CicloObjetivo,"En ciclo","Fuera de ciclo"))) -> En ciclo | U47: =IF($Q47="","",CicloObjetivo-$R47) -> 7 | V47: =IF($Q47="","",$Q47+CicloObjetivo) -> 46256 | W47: =+X47-1 -> 10 | X47: =+Y47-1 -> 11 | Y47: =+Z47-1 -> 12 | Z47: =+AA47-1 -> 13 | AA47: 14 | AB47: =IF(AA47="","",AA47+1) -> 15 | AC47: =IF(AB47="","",AB47+1) -> 16 | AD47: =IF(AC47="","",AC47+1) -> 17 | AE47: =IF(AD47="","",AD47+1) -> 18 | AF47: =IF(AE47="","",AE47+1) -> 19 | AG47: =IF(AF47="","",AF47+1) -> 20 | AH47: =IF(AG47="","",AG47+1) -> 21 | AI47: 0 | AJ47: =IF(AI47="","",AI47+1) -> 1 | AK47: =IF(AJ47="","",AJ47+1) -> 2 | AL47: =IF(AK47="","",AK47+1) -> 3 | AM47: =IF(AL47="","",AL47+1) -> 4 | AN47: =IF(AM47="","",AM47+1) -> 5 | AO47: =IF(AN47="","",AN47+1) -> 6 | AP47: =IF(AO47="","",AO47+1) -> 7 | AQ47: =IF(AP47="","",AP47+1) -> 8 | ... AY47: =IF(AX47="","",AX47+1) -> 16 | AZ47: 0 | BA47: =IF(AZ47="","",AZ47+1) -> 1 | BB47: =IF(BA47="","",BA47+1) -> 2 | BC47: =IF(BB47="","",BB47+1) -> 3 | BD47: =IF(BC47="","",BC47+1) -> 4 | BE47: =IF(BD47="","",BD47+1) -> 5 | BF47: =IF(BE47="","",BE47+1) -> 6 | BG47: =IF(BF47="","",BF47+1) -> 7 | BH47: =IF(BG47="","",BG47+1) -> 8 | ... BJ47: =IF(BI47="","",BI47+1) -> 10 | BK47: 0 | BL47: =IF(BK47="","",BK47+1) -> 1 | BM47: =IF(BL47="","",BL47+1) -> 2 | BN47: =IF(BM47="","",BM47+1) -> 3 | BO47: =IF(BN47="","",BN47+1) -> 4 | BP47: =IF(BO47="","",BO47+1) -> 5 | BQ47: =IF(BP47="","",BP47+1) -> 6 | BR47: =IF(BQ47="","",BQ47+1) -> 7 | BS47: =IF(BR47="","",BR47+1) -> 8 | ... GX47: =IF(GW47="","",GW47+1) -> 143
A48: Vitis | B48: 3 | C48: La Bendición | D48: 39 | E48: La Bendición-39 | F48: Deli x Mezcla | G48: Mezcla | H48: 2010 | I48: 16 | J48: 36.85 | K48: 0 | L48: 5204 | M48: 5204 | N48: Vitis Olei | O48: Propio | P48: Productivo | Q48: =IF(R48="","",'Dashboard Ciclos'!$B$2-R48) -> 46232 | R48: =IF($E48="","",IFERROR(INDEX($W48:$GX48,MATCH('Dashboard Ciclos'!$B$2,$W$1:$GX$1,0)),"")) -> 17 | S48: =IF($Q48="","Sin dato",IF($R48<=CicloObjetivo,"En ciclo",IF($R48-CicloObjetivo<=5,"Vencido 1-5 d",IF($R48-CicloObjetivo<=10,"Vencido 6-10 d",IF($R48-CicloObjetivo<=15,"Vencido 11-15 d","Vencido +15 d"))))) -> Vencido 1-5 d | T48: =IF($Q48="","Sin dato",IF($R48<VentanaCosecha,"Recién cortado",IF($R48<=CicloObjetivo,"En ciclo","Fuera de ciclo"))) -> Fuera de ciclo | U48: =IF($Q48="","",CicloObjetivo-$R48) -> -5 | V48: =IF($Q48="","",$Q48+CicloObjetivo) -> 46244 | W48: =+X48-1 -> 7 | X48: =+Y48-1 -> 8 | Y48: =+Z48-1 -> 9 | Z48: =+AA48-1 -> 10 | AA48: 11 | AB48: =IF(AA48="","",AA48+1) -> 12 | AC48: =IF(AB48="","",AB48+1) -> 13 | AD48: =IF(AC48="","",AC48+1) -> 14 | AE48: =IF(AD48="","",AD48+1) -> 15 | AF48: =IF(AE48="","",AE48+1) -> 16 | AG48: =IF(AF48="","",AF48+1) -> 17 | AH48: 0 | AI48: =IF(AH48="","",AH48+1) -> 1 | AJ48: =IF(AI48="","",AI48+1) -> 2 | AK48: =IF(AJ48="","",AJ48+1) -> 3 | AL48: =IF(AK48="","",AK48+1) -> 4 | AM48: =IF(AL48="","",AL48+1) -> 5 | AN48: =IF(AM48="","",AM48+1) -> 6 | AO48: =IF(AN48="","",AN48+1) -> 7 | AP48: =IF(AO48="","",AO48+1) -> 8 | ... AX48: =IF(AW48="","",AW48+1) -> 16 | AY48: 0 | AZ48: =IF(AY48="","",AY48+1) -> 1 | BA48: =IF(AZ48="","",AZ48+1) -> 2 | BB48: =IF(BA48="","",BA48+1) -> 3 | BC48: =IF(BB48="","",BB48+1) -> 4 | BD48: =IF(BC48="","",BC48+1) -> 5 | BE48: =IF(BD48="","",BD48+1) -> 6 | BF48: =IF(BE48="","",BE48+1) -> 7 | BG48: =IF(BF48="","",BF48+1) -> 8 | ... GX48: =IF(GW48="","",GW48+1) -> 155
A49: Vitis | B49: 4 | C49: La Bendición | D49: 40 | E49: La Bendición-40 | F49: Deli x Mezcla | G49: Mezcla | H49: 2010 | I49: 16 | J49: 37.95 | K49: 0 | L49: 5321 | M49: 5321 | N49: Vitis Olei | O49: Propio | P49: Productivo | Q49: =IF(R49="","",'Dashboard Ciclos'!$B$2-R49) -> 46240 | R49: =IF($E49="","",IFERROR(INDEX($W49:$GX49,MATCH('Dashboard Ciclos'!$B$2,$W$1:$GX$1,0)),"")) -> 9 | S49: =IF($Q49="","Sin dato",IF($R49<=CicloObjetivo,"En ciclo",IF($R49-CicloObjetivo<=5,"Vencido 1-5 d",IF($R49-CicloObjetivo<=10,"Vencido 6-10 d",IF($R49-CicloObjetivo<=15,"Vencido 11-15 d","Vencido +15 d"))))) -> En ciclo | T49: =IF($Q49="","Sin dato",IF($R49<VentanaCosecha,"Recién cortado",IF($R49<=CicloObjetivo,"En ciclo","Fuera de ciclo"))) -> En ciclo | U49: =IF($Q49="","",CicloObjetivo-$R49) -> 3 | V49: =IF($Q49="","",$Q49+CicloObjetivo) -> 46252 | W49: =+X49-1 -> 3 | X49: =+Y49-1 -> 4 | Y49: =+Z49-1 -> 5 | Z49: =+AA49-1 -> 6 | AA49: 7 | AB49: =IF(AA49="","",AA49+1) -> 8 | AC49: =IF(AB49="","",AB49+1) -> 9 | AD49: =IF(AC49="","",AC49+1) -> 10 | AE49: =IF(AD49="","",AD49+1) -> 11 | AF49: =IF(AE49="","",AE49+1) -> 12 | AG49: =IF(AF49="","",AF49+1) -> 13 | AH49: =IF(AG49="","",AG49+1) -> 14 | AI49: =IF(AH49="","",AH49+1) -> 15 | ... AL49: =IF(AK49="","",AK49+1) -> 18 | AM49: 0 | AN49: =IF(AM49="","",AM49+1) -> 1 | AO49: =IF(AN49="","",AN49+1) -> 2 | AP49: =IF(AO49="","",AO49+1) -> 3 | AQ49: =IF(AP49="","",AP49+1) -> 4 | AR49: =IF(AQ49="","",AQ49+1) -> 5 | AS49: =IF(AR49="","",AR49+1) -> 6 | AT49: =IF(AS49="","",AS49+1) -> 7 | AU49: =IF(AT49="","",AT49+1) -> 8 | ... BF49: =IF(BE49="","",BE49+1) -> 19 | BG49: 0 | BH49: =IF(BG49="","",BG49+1) -> 1 | BI49: =IF(BH49="","",BH49+1) -> 2 | BJ49: =IF(BI49="","",BI49+1) -> 3 | BK49: =IF(BJ49="","",BJ49+1) -> 4 | BL49: =IF(BK49="","",BK49+1) -> 5 | BM49: =IF(BL49="","",BL49+1) -> 6 | BN49: =IF(BM49="","",BM49+1) -> 7 | BO49: =IF(BN49="","",BN49+1) -> 8 | ... GX49: =IF(GW49="","",GW49+1) -> 147
A50: Vitis | B50: 4 | C50: La Bendición | D50: 41 | E50: La Bendición-41 | F50: Duras | G50: Duras | H50: 2010 | I50: 16 | J50: 21.06 | K50: 151 | L50: 2022 | M50: 1871 | N50: Vitis Olei | O50: Propio | P50: Productivo | Q50: =IF(R50="","",'Dashboard Ciclos'!$B$2-R50) -> 46242 | R50: =IF($E50="","",IFERROR(INDEX($W50:$GX50,MATCH('Dashboard Ciclos'!$B$2,$W$1:$GX$1,0)),"")) -> 7 | S50: =IF($Q50="","Sin dato",IF($R50<=CicloObjetivo,"En ciclo",IF($R50-CicloObjetivo<=5,"Vencido 1-5 d",IF($R50-CicloObjetivo<=10,"Vencido 6-10 d",IF($R50-CicloObjetivo<=15,"Vencido 11-15 d","Vencido +15 d"))))) -> En ciclo | T50: =IF($Q50="","Sin dato",IF($R50<VentanaCosecha,"Recién cortado",IF($R50<=CicloObjetivo,"En ciclo","Fuera de ciclo"))) -> En ciclo | U50: =IF($Q50="","",CicloObjetivo-$R50) -> 5 | V50: =IF($Q50="","",$Q50+CicloObjetivo) -> 46254 | W50: =+X50-1 -> 36 | X50: =+Y50-1 -> 37 | Y50: =+Z50-1 -> 38 | Z50: =+AA50-1 -> 39 | AA50: 40 | AB50: =IF(AA50="","",AA50+1) -> 41 | AC50: 0 | AD50: =IF(AC50="","",AC50+1) -> 1 | AE50: =IF(AD50="","",AD50+1) -> 2 | AF50: =IF(AE50="","",AE50+1) -> 3 | AG50: =IF(AF50="","",AF50+1) -> 4 | AH50: =IF(AG50="","",AG50+1) -> 5 | AI50: =IF(AH50="","",AH50+1) -> 6 | AJ50: =IF(AI50="","",AI50+1) -> 7 | AK50: =IF(AJ50="","",AJ50+1) -> 8 | ... AQ50: =IF(AP50="","",AP50+1) -> 14 | AR50: 0 | AS50: =IF(AR50="","",AR50+1) -> 1 | AT50: =IF(AS50="","",AS50+1) -> 2 | AU50: =IF(AT50="","",AT50+1) -> 3 | AV50: =IF(AU50="","",AU50+1) -> 4 | AW50: =IF(AV50="","",AV50+1) -> 5 | AX50: =IF(AW50="","",AW50+1) -> 6 | AY50: =IF(AX50="","",AX50+1) -> 7 | AZ50: =IF(AY50="","",AY50+1) -> 8 | ... BH50: =IF(BG50="","",BG50+1) -> 16 | BI50: 0 | BJ50: =IF(BI50="","",BI50+1) -> 1 | BK50: =IF(BJ50="","",BJ50+1) -> 2 | BL50: =IF(BK50="","",BK50+1) -> 3 | BM50: =IF(BL50="","",BL50+1) -> 4 | BN50: =IF(BM50="","",BM50+1) -> 5 | BO50: =IF(BN50="","",BN50+1) -> 6 | BP50: =IF(BO50="","",BO50+1) -> 7 | BQ50: =IF(BP50="","",BP50+1) -> 8 | ... GX50: =IF(GW50="","",GW50+1) -> 145
A51: Vitis | B51: 3 | C51: La Pradera | D51: 42 | E51: La Pradera-42 | F51: Duras | G51: Duras | H51: 2010 | I51: 16 | J51: 40.91 | K51: 0 | L51: 5747 | M51: 5747 | N51: Vitis Olei | O51: Propio | P51: Productivo | Q51: =IF(R51="","",'Dashboard Ciclos'!$B$2-R51) -> 46227 | R51: =IF($E51="","",IFERROR(INDEX($W51:$GX51,MATCH('Dashboard Ciclos'!$B$2,$W$1:$GX$1,0)),"")) -> 22 | S51: =IF($Q51="","Sin dato",IF($R51<=CicloObjetivo,"En ciclo",IF($R51-CicloObjetivo<=5,"Vencido 1-5 d",IF($R51-CicloObjetivo<=10,"Vencido 6-10 d",IF($R51-CicloObjetivo<=15,"Vencido 11-15 d","Vencido +15 d"))))) -> Vencido 6-10 d | T51: =IF($Q51="","Sin dato",IF($R51<VentanaCosecha,"Recién cortado",IF($R51<=CicloObjetivo,"En ciclo","Fuera de ciclo"))) -> Fuera de ciclo | U51: =IF($Q51="","",CicloObjetivo-$R51) -> -10 | V51: =IF($Q51="","",$Q51+CicloObjetivo) -> 46239 | W51: =+X51-1 -> -1 | X51: =+Y51-1 -> 0 | Y51: =+Z51-1 -> 1 | Z51: =+AA51-1 -> 2 | AA51: 3 | AB51: =IF(AA51="","",AA51+1) -> 4 | AC51: =IF(AB51="","",AB51+1) -> 5 | AD51: =IF(AC51="","",AC51+1) -> 6 | AE51: =IF(AD51="","",AD51+1) -> 7 | AF51: =IF(AE51="","",AE51+1) -> 8 | AG51: =IF(AF51="","",AF51+1) -> 9 | AH51: =IF(AG51="","",AG51+1) -> 10 | AI51: =IF(AH51="","",AH51+1) -> 11 | ... AS51: =IF(AR51="","",AR51+1) -> 21 | AT51: 0 | AU51: =IF(AT51="","",AT51+1) -> 1 | AV51: =IF(AU51="","",AU51+1) -> 2 | AW51: =IF(AV51="","",AV51+1) -> 3 | AX51: =IF(AW51="","",AW51+1) -> 4 | AY51: =IF(AX51="","",AX51+1) -> 5 | AZ51: =IF(AY51="","",AY51+1) -> 6 | BA51: =IF(AZ51="","",AZ51+1) -> 7 | BB51: =IF(BA51="","",BA51+1) -> 8 | ... GX51: =IF(GW51="","",GW51+1) -> 160
A52: Vitis | B52: 2 | C52: Los Cambulos | D52: 35B | E52: Los Cambulos-35B | F52: Deli x Mezcla | G52: Mezcla | H52: 2011 | I52: 15 | J52: 18.76 | K52: 109 | L52: 2823 | M52: 2714 | N52: Vitis Olei | O52: Propio | P52: Productivo | Q52: =IF(R52="","",'Dashboard Ciclos'!$B$2-R52) -> 46246 | R52: =IF($E52="","",IFERROR(INDEX($W52:$GX52,MATCH('Dashboard Ciclos'!$B$2,$W$1:$GX$1,0)),"")) -> 3 | S52: =IF($Q52="","Sin dato",IF($R52<=CicloObjetivo,"En ciclo",IF($R52-CicloObjetivo<=5,"Vencido 1-5 d",IF($R52-CicloObjetivo<=10,"Vencido 6-10 d",IF($R52-CicloObjetivo<=15,"Vencido 11-15 d","Vencido +15 d"))))) -> En ciclo | T52: =IF($Q52="","Sin dato",IF($R52<VentanaCosecha,"Recién cortado",IF($R52<=CicloObjetivo,"En ciclo","Fuera de ciclo"))) -> Recién cortado | U52: =IF($Q52="","",CicloObjetivo-$R52) -> 9 | V52: =IF($Q52="","",$Q52+CicloObjetivo) -> 46258 | W52: =+X52-1 -> -1 | X52: =+Y52-1 -> 0 | Y52: =+Z52-1 -> 1 | Z52: =+AA52-1 -> 2 | AA52: 3 | AB52: =IF(AA52="","",AA52+1) -> 4 | AC52: =IF(AB52="","",AB52+1) -> 5 | AD52: =IF(AC52="","",AC52+1) -> 6 | AE52: =IF(AD52="","",AD52+1) -> 7 | AF52: =IF(AE52="","",AE52+1) -> 8 | AG52: =IF(AF52="","",AF52+1) -> 9 | AH52: =IF(AG52="","",AG52+1) -> 10 | AI52: =IF(AH52="","",AH52+1) -> 11 | ... BL52: =IF(BK52="","",BK52+1) -> 40 | BM52: 0 | BN52: =IF(BM52="","",BM52+1) -> 1 | BO52: =IF(BN52="","",BN52+1) -> 2 | BP52: =IF(BO52="","",BO52+1) -> 3 | BQ52: =IF(BP52="","",BP52+1) -> 4 | BR52: =IF(BQ52="","",BQ52+1) -> 5 | BS52: =IF(BR52="","",BR52+1) -> 6 | BT52: =IF(BS52="","",BS52+1) -> 7 | BU52: =IF(BT52="","",BT52+1) -> 8 | ... GX52: =IF(GW52="","",GW52+1) -> 141
A53: Vitis | B53: 4 | C53: La Bendición | D53: 41A | E53: La Bendición-41A | F53: Híbridos | G53: Hibrido | H53: 2011 | I53: 15 | J53: 0.88 | K53: 25 | L53: 144 | M53: 119 | N53: Vitis Olei | O53: Propio | P53: Productivo | Q53: =IF(R53="","",'Dashboard Ciclos'!$B$2-R53) -> 46242 | R53: =IF($E53="","",IFERROR(INDEX($W53:$GX53,MATCH('Dashboard Ciclos'!$B$2,$W$1:$GX$1,0)),"")) -> 7 | S53: =IF($Q53="","Sin dato",IF($R53<=CicloObjetivo,"En ciclo",IF($R53-CicloObjetivo<=5,"Vencido 1-5 d",IF($R53-CicloObjetivo<=10,"Vencido 6-10 d",IF($R53-CicloObjetivo<=15,"Vencido 11-15 d","Vencido +15 d"))))) -> En ciclo | T53: =IF($Q53="","Sin dato",IF($R53<VentanaCosecha,"Recién cortado",IF($R53<=CicloObjetivo,"En ciclo","Fuera de ciclo"))) -> En ciclo | U53: =IF($Q53="","",CicloObjetivo-$R53) -> 5 | V53: =IF($Q53="","",$Q53+CicloObjetivo) -> 46254 | W53: =+X53-1 -> 36 | X53: =+Y53-1 -> 37 | Y53: =+Z53-1 -> 38 | Z53: =+AA53-1 -> 39 | AA53: 40 | AB53: =IF(AA53="","",AA53+1) -> 41 | AC53: 0 | AD53: =IF(AC53="","",AC53+1) -> 1 | AE53: =IF(AD53="","",AD53+1) -> 2 | AF53: =IF(AE53="","",AE53+1) -> 3 | AG53: =IF(AF53="","",AF53+1) -> 4 | AH53: =IF(AG53="","",AG53+1) -> 5 | AI53: =IF(AH53="","",AH53+1) -> 6 | AJ53: =IF(AI53="","",AI53+1) -> 7 | AK53: =IF(AJ53="","",AJ53+1) -> 8 | ... AQ53: =IF(AP53="","",AP53+1) -> 14 | AR53: 0 | AS53: =IF(AR53="","",AR53+1) -> 1 | AT53: =IF(AS53="","",AS53+1) -> 2 | AU53: =IF(AT53="","",AT53+1) -> 3 | AV53: =IF(AU53="","",AU53+1) -> 4 | AW53: =IF(AV53="","",AV53+1) -> 5 | AX53: =IF(AW53="","",AW53+1) -> 6 | AY53: =IF(AX53="","",AX53+1) -> 7 | AZ53: =IF(AY53="","",AY53+1) -> 8 | ... BH53: =IF(BG53="","",BG53+1) -> 16 | BI53: 0 | BJ53: =IF(BI53="","",BI53+1) -> 1 | BK53: =IF(BJ53="","",BJ53+1) -> 2 | BL53: =IF(BK53="","",BK53+1) -> 3 | BM53: =IF(BL53="","",BL53+1) -> 4 | BN53: =IF(BM53="","",BM53+1) -> 5 | BO53: =IF(BN53="","",BN53+1) -> 6 | BP53: =IF(BO53="","",BO53+1) -> 7 | BQ53: =IF(BP53="","",BP53+1) -> 8 | ... GX53: =IF(GW53="","",GW53+1) -> 145
A54: Vitis | B54: 3 | C54: La Pradera | D54: 42A | E54: La Pradera-42A | F54: Deli x Mezcla | G54: Mezcla | H54: 2011 | I54: 15 | J54: 11.94 | K54: 88 | L54: 1779 | M54: 1691 | N54: Vitis Olei | O54: Propio | P54: Productivo | Q54: =IF(R54="","",'Dashboard Ciclos'!$B$2-R54) -> 46232 | R54: =IF($E54="","",IFERROR(INDEX($W54:$GX54,MATCH('Dashboard Ciclos'!$B$2,$W$1:$GX$1,0)),"")) -> 17 | S54: =IF($Q54="","Sin dato",IF($R54<=CicloObjetivo,"En ciclo",IF($R54-CicloObjetivo<=5,"Vencido 1-5 d",IF($R54-CicloObjetivo<=10,"Vencido 6-10 d",IF($R54-CicloObjetivo<=15,"Vencido 11-15 d","Vencido +15 d"))))) -> Vencido 1-5 d | T54: =IF($Q54="","Sin dato",IF($R54<VentanaCosecha,"Recién cortado",IF($R54<=CicloObjetivo,"En ciclo","Fuera de ciclo"))) -> Fuera de ciclo | U54: =IF($Q54="","",CicloObjetivo-$R54) -> -5 | V54: =IF($Q54="","",$Q54+CicloObjetivo) -> 46244 | W54: =+X54-1 -> 35 | X54: =+Y54-1 -> 36 | Y54: =+Z54-1 -> 37 | Z54: =+AA54-1 -> 38 | AA54: 39 | AB54: =IF(AA54="","",AA54+1) -> 40 | AC54: 0 | AD54: =IF(AC54="","",AC54+1) -> 1 | AE54: =IF(AD54="","",AD54+1) -> 2 | AF54: =IF(AE54="","",AE54+1) -> 3 | AG54: =IF(AF54="","",AF54+1) -> 4 | AH54: =IF(AG54="","",AG54+1) -> 5 | AI54: =IF(AH54="","",AH54+1) -> 6 | AJ54: =IF(AI54="","",AI54+1) -> 7 | AK54: =IF(AJ54="","",AJ54+1) -> 8 | ... AX54: =IF(AW54="","",AW54+1) -> 21 | AY54: 0 | AZ54: =IF(AY54="","",AY54+1) -> 1 | BA54: =IF(AZ54="","",AZ54+1) -> 2 | BB54: =IF(BA54="","",BA54+1) -> 3 | BC54: =IF(BB54="","",BB54+1) -> 4 | BD54: =IF(BC54="","",BC54+1) -> 5 | BE54: =IF(BD54="","",BD54+1) -> 6 | BF54: =IF(BE54="","",BE54+1) -> 7 | BG54: =IF(BF54="","",BF54+1) -> 8 | ... GX54: =IF(GW54="","",GW54+1) -> 155
A55: Vitis | B55: 2 | C55: La Vitrina | D55: 43 | E55: La Vitrina-43 | F55: Deli x La Me | G55: Mezcla | H55: 2011 | I55: 15 | J55: 40.29 | K55: 67 | L55: 5759 | M55: 5692 | N55: Vitis Olei | O55: Propio | P55: Productivo | Q55: =IF(R55="","",'Dashboard Ciclos'!$B$2-R55) -> 46246 | R55: =IF($E55="","",IFERROR(INDEX($W55:$GX55,MATCH('Dashboard Ciclos'!$B$2,$W$1:$GX$1,0)),"")) -> 3 | S55: =IF($Q55="","Sin dato",IF($R55<=CicloObjetivo,"En ciclo",IF($R55-CicloObjetivo<=5,"Vencido 1-5 d",IF($R55-CicloObjetivo<=10,"Vencido 6-10 d",IF($R55-CicloObjetivo<=15,"Vencido 11-15 d","Vencido +15 d"))))) -> En ciclo | T55: =IF($Q55="","Sin dato",IF($R55<VentanaCosecha,"Recién cortado",IF($R55<=CicloObjetivo,"En ciclo","Fuera de ciclo"))) -> Recién cortado | U55: =IF($Q55="","",CicloObjetivo-$R55) -> 9 | V55: =IF($Q55="","",$Q55+CicloObjetivo) -> 46258 | W55: =+X55-1 -> -3 | X55: =+Y55-1 -> -2 | Y55: =+Z55-1 -> -1 | Z55: =+AA55-1 -> 0 | AA55: 1 | AB55: =IF(AA55="","",AA55+1) -> 2 | AC55: =IF(AB55="","",AB55+1) -> 3 | AD55: =IF(AC55="","",AC55+1) -> 4 | AE55: =IF(AD55="","",AD55+1) -> 5 | AF55: =IF(AE55="","",AE55+1) -> 6 | AG55: =IF(AF55="","",AF55+1) -> 7 | AH55: =IF(AG55="","",AG55+1) -> 8 | AI55: =IF(AH55="","",AH55+1) -> 9 | ... BL55: =IF(BK55="","",BK55+1) -> 38 | BM55: 0 | BN55: =IF(BM55="","",BM55+1) -> 1 | BO55: =IF(BN55="","",BN55+1) -> 2 | BP55: =IF(BO55="","",BO55+1) -> 3 | BQ55: =IF(BP55="","",BP55+1) -> 4 | BR55: =IF(BQ55="","",BQ55+1) -> 5 | BS55: =IF(BR55="","",BR55+1) -> 6 | BT55: =IF(BS55="","",BS55+1) -> 7 | BU55: =IF(BT55="","",BT55+1) -> 8 | ... GX55: =IF(GW55="","",GW55+1) -> 141
A56: Vitis | B56: 3 | C56: La Vitrina | D56: 44 | E56: La Vitrina-44 | F56: Duras | G56: Mezcla | H56: 2011 | I56: 15 | J56: 21.43 | K56: 389 | L56: 3108 | M56: 2719 | N56: Vitis Olei | O56: Propio | P56: Productivo | Q56: =IF(R56="","",'Dashboard Ciclos'!$B$2-R56) -> 46246 | R56: =IF($E56="","",IFERROR(INDEX($W56:$GX56,MATCH('Dashboard Ciclos'!$B$2,$W$1:$GX$1,0)),"")) -> 3 | S56: =IF($Q56="","Sin dato",IF($R56<=CicloObjetivo,"En ciclo",IF($R56-CicloObjetivo<=5,"Vencido 1-5 d",IF($R56-CicloObjetivo<=10,"Vencido 6-10 d",IF($R56-CicloObjetivo<=15,"Vencido 11-15 d","Vencido +15 d"))))) -> En ciclo | T56: =IF($Q56="","Sin dato",IF($R56<VentanaCosecha,"Recién cortado",IF($R56<=CicloObjetivo,"En ciclo","Fuera de ciclo"))) -> Recién cortado | U56: =IF($Q56="","",CicloObjetivo-$R56) -> 9 | V56: =IF($Q56="","",$Q56+CicloObjetivo) -> 46258 | W56: =+X56-1 -> 18 | X56: =+Y56-1 -> 19 | Y56: =+Z56-1 -> 20 | Z56: =+AA56-1 -> 21 | AA56: 22 | AB56: =IF(AA56="","",AA56+1) -> 23 | AC56: =IF(AB56="","",AB56+1) -> 24 | AD56: =IF(AC56="","",AC56+1) -> 25 | AE56: =IF(AD56="","",AD56+1) -> 26 | AF56: 0 | AG56: =IF(AF56="","",AF56+1) -> 1 | AH56: =IF(AG56="","",AG56+1) -> 2 | AI56: =IF(AH56="","",AH56+1) -> 3 | AJ56: =IF(AI56="","",AI56+1) -> 4 | AK56: =IF(AJ56="","",AJ56+1) -> 5 | AL56: =IF(AK56="","",AK56+1) -> 6 | AM56: =IF(AL56="","",AL56+1) -> 7 | AN56: =IF(AM56="","",AM56+1) -> 8 | ... BL56: =IF(BK56="","",BK56+1) -> 32 | BM56: 0 | BN56: =IF(BM56="","",BM56+1) -> 1 | BO56: =IF(BN56="","",BN56+1) -> 2 | BP56: =IF(BO56="","",BO56+1) -> 3 | BQ56: =IF(BP56="","",BP56+1) -> 4 | BR56: =IF(BQ56="","",BQ56+1) -> 5 | BS56: =IF(BR56="","",BR56+1) -> 6 | BT56: =IF(BS56="","",BS56+1) -> 7 | BU56: =IF(BT56="","",BT56+1) -> 8 | ... GX56: =IF(GW56="","",GW56+1) -> 141
A57: Vitis | B57: 4 | C57: La Pradera | D57: 45 | E57: La Pradera-45 | F57: Deli x Mezcla | G57: Mezcla | H57: 2011 | I57: 15 | J57: 21.22 | K57: 0 | L57: 3021 | M57: 3021 | N57: Vitis Olei | O57: Propio | P57: Productivo | Q57: =IF(R57="","",'Dashboard Ciclos'!$B$2-R57) -> 46239 | R57: =IF($E57="","",IFERROR(INDEX($W57:$GX57,MATCH('Dashboard Ciclos'!$B$2,$W$1:$GX$1,0)),"")) -> 10 | S57: =IF($Q57="","Sin dato",IF($R57<=CicloObjetivo,"En ciclo",IF($R57-CicloObjetivo<=5,"Vencido 1-5 d",IF($R57-CicloObjetivo<=10,"Vencido 6-10 d",IF($R57-CicloObjetivo<=15,"Vencido 11-15 d","Vencido +15 d"))))) -> En ciclo | T57: =IF($Q57="","Sin dato",IF($R57<VentanaCosecha,"Recién cortado",IF($R57<=CicloObjetivo,"En ciclo","Fuera de ciclo"))) -> En ciclo | U57: =IF($Q57="","",CicloObjetivo-$R57) -> 2 | V57: =IF($Q57="","",$Q57+CicloObjetivo) -> 46251 | W57: =+X57-1 -> 5 | X57: =+Y57-1 -> 6 | Y57: =+Z57-1 -> 7 | Z57: =+AA57-1 -> 8 | AA57: 9 | AB57: =IF(AA57="","",AA57+1) -> 10 | AC57: =IF(AB57="","",AB57+1) -> 11 | AD57: =IF(AC57="","",AC57+1) -> 12 | AE57: =IF(AD57="","",AD57+1) -> 13 | AF57: =IF(AE57="","",AE57+1) -> 14 | AG57: =IF(AF57="","",AF57+1) -> 15 | AH57: =IF(AG57="","",AG57+1) -> 16 | AI57: =IF(AH57="","",AH57+1) -> 17 | ... AQ57: =IF(AP57="","",AP57+1) -> 25 | AR57: 0 | AS57: =IF(AR57="","",AR57+1) -> 1 | AT57: =IF(AS57="","",AS57+1) -> 2 | AU57: =IF(AT57="","",AT57+1) -> 3 | AV57: =IF(AU57="","",AU57+1) -> 4 | AW57: =IF(AV57="","",AV57+1) -> 5 | AX57: =IF(AW57="","",AW57+1) -> 6 | AY57: =IF(AX57="","",AX57+1) -> 7 | AZ57: =IF(AY57="","",AY57+1) -> 8 | ... BE57: =IF(BD57="","",BD57+1) -> 13 | BF57: 0 | BG57: =IF(BF57="","",BF57+1) -> 1 | BH57: =IF(BG57="","",BG57+1) -> 2 | BI57: =IF(BH57="","",BH57+1) -> 3 | BJ57: =IF(BI57="","",BI57+1) -> 4 | BK57: =IF(BJ57="","",BJ57+1) -> 5 | BL57: =IF(BK57="","",BK57+1) -> 6 | BM57: =IF(BL57="","",BL57+1) -> 7 | BN57: =IF(BM57="","",BM57+1) -> 8 | ... GX57: =IF(GW57="","",GW57+1) -> 148
A58: Vitis | B58: 4 | C58: La Pradera | D58: 46 | E58: La Pradera-46 | F58: Mixtas | G58: Duras | H58: 2011 | I58: 15 | J58: 6.76 | K58: 0 | L58: 921 | M58: 921 | N58: Vitis Olei | O58: Propio | P58: Productivo | Q58: =IF(R58="","",'Dashboard Ciclos'!$B$2-R58) -> 46239 | R58: =IF($E58="","",IFERROR(INDEX($W58:$GX58,MATCH('Dashboard Ciclos'!$B$2,$W$1:$GX$1,0)),"")) -> 10 | S58: =IF($Q58="","Sin dato",IF($R58<=CicloObjetivo,"En ciclo",IF($R58-CicloObjetivo<=5,"Vencido 1-5 d",IF($R58-CicloObjetivo<=10,"Vencido 6-10 d",IF($R58-CicloObjetivo<=15,"Vencido 11-15 d","Vencido +15 d"))))) -> En ciclo | T58: =IF($Q58="","Sin dato",IF($R58<VentanaCosecha,"Recién cortado",IF($R58<=CicloObjetivo,"En ciclo","Fuera de ciclo"))) -> En ciclo | U58: =IF($Q58="","",CicloObjetivo-$R58) -> 2 | V58: =IF($Q58="","",$Q58+CicloObjetivo) -> 46251 | W58: =+X58-1 -> 7 | X58: =+Y58-1 -> 8 | Y58: =+Z58-1 -> 9 | Z58: =+AA58-1 -> 10 | AA58: 11 | AB58: =IF(AA58="","",AA58+1) -> 12 | AC58: =IF(AB58="","",AB58+1) -> 13 | AD58: =IF(AC58="","",AC58+1) -> 14 | AE58: =IF(AD58="","",AD58+1) -> 15 | AF58: =IF(AE58="","",AE58+1) -> 16 | AG58: =IF(AF58="","",AF58+1) -> 17 | AH58: =IF(AG58="","",AG58+1) -> 18 | AI58: =IF(AH58="","",AH58+1) -> 19 | ... AL58: =IF(AK58="","",AK58+1) -> 22 | AM58: 0 | AN58: =IF(AM58="","",AM58+1) -> 1 | AO58: =IF(AN58="","",AN58+1) -> 2 | AP58: =IF(AO58="","",AO58+1) -> 3 | AQ58: =IF(AP58="","",AP58+1) -> 4 | AR58: =IF(AQ58="","",AQ58+1) -> 5 | AS58: =IF(AR58="","",AR58+1) -> 6 | AT58: =IF(AS58="","",AS58+1) -> 7 | AU58: =IF(AT58="","",AT58+1) -> 8 | ... BE58: =IF(BD58="","",BD58+1) -> 18 | BF58: 0 | BG58: =IF(BF58="","",BF58+1) -> 1 | BH58: =IF(BG58="","",BG58+1) -> 2 | BI58: =IF(BH58="","",BH58+1) -> 3 | BJ58: =IF(BI58="","",BI58+1) -> 4 | BK58: =IF(BJ58="","",BJ58+1) -> 5 | BL58: =IF(BK58="","",BK58+1) -> 6 | BM58: =IF(BL58="","",BL58+1) -> 7 | BN58: =IF(BM58="","",BM58+1) -> 8 | ... GX58: =IF(GW58="","",GW58+1) -> 148
A59: Vitis | B59: 4 | C59: La Pradera | D59: 47 | E59: La Pradera-47 | F59: Deli x La Me | G59: Mezcla | H59: 2011 | I59: 15 | J59: 7.17 | K59: 63 | L59: 890 | M59: 827 | N59: Vitis Olei | O59: Propio | P59: Productivo | Q59: =IF(R59="","",'Dashboard Ciclos'!$B$2-R59) -> 46239 | R59: =IF($E59="","",IFERROR(INDEX($W59:$GX59,MATCH('Dashboard Ciclos'!$B$2,$W$1:$GX$1,0)),"")) -> 10 | S59: =IF($Q59="","Sin dato",IF($R59<=CicloObjetivo,"En ciclo",IF($R59-CicloObjetivo<=5,"Vencido 1-5 d",IF($R59-CicloObjetivo<=10,"Vencido 6-10 d",IF($R59-CicloObjetivo<=15,"Vencido 11-15 d","Vencido +15 d"))))) -> En ciclo | T59: =IF($Q59="","Sin dato",IF($R59<VentanaCosecha,"Recién cortado",IF($R59<=CicloObjetivo,"En ciclo","Fuera de ciclo"))) -> En ciclo | U59: =IF($Q59="","",CicloObjetivo-$R59) -> 2 | V59: =IF($Q59="","",$Q59+CicloObjetivo) -> 46251 | W59: =+X59-1 -> 6 | X59: =+Y59-1 -> 7 | Y59: =+Z59-1 -> 8 | Z59: =+AA59-1 -> 9 | AA59: 10 | AB59: =IF(AA59="","",AA59+1) -> 11 | AC59: =IF(AB59="","",AB59+1) -> 12 | AD59: =IF(AC59="","",AC59+1) -> 13 | AE59: =IF(AD59="","",AD59+1) -> 14 | AF59: =IF(AE59="","",AE59+1) -> 15 | AG59: =IF(AF59="","",AF59+1) -> 16 | AH59: =IF(AG59="","",AG59+1) -> 17 | AI59: =IF(AH59="","",AH59+1) -> 18 | ... AM59: =IF(AL59="","",AL59+1) -> 22 | AN59: 0 | AO59: =IF(AN59="","",AN59+1) -> 1 | AP59: =IF(AO59="","",AO59+1) -> 2 | AQ59: =IF(AP59="","",AP59+1) -> 3 | AR59: =IF(AQ59="","",AQ59+1) -> 4 | AS59: =IF(AR59="","",AR59+1) -> 5 | AT59: =IF(AS59="","",AS59+1) -> 6 | AU59: =IF(AT59="","",AT59+1) -> 7 | AV59: =IF(AU59="","",AU59+1) -> 8 | ... BE59: =IF(BD59="","",BD59+1) -> 17 | BF59: 0 | BG59: =IF(BF59="","",BF59+1) -> 1 | BH59: =IF(BG59="","",BG59+1) -> 2 | BI59: =IF(BH59="","",BH59+1) -> 3 | BJ59: =IF(BI59="","",BI59+1) -> 4 | BK59: =IF(BJ59="","",BJ59+1) -> 5 | BL59: =IF(BK59="","",BK59+1) -> 6 | BM59: =IF(BL59="","",BL59+1) -> 7 | BN59: =IF(BM59="","",BM59+1) -> 8 | ... GX59: =IF(GW59="","",GW59+1) -> 148
A60: Vitis | B60: 4 | C60: La Pradera | D60: 48 | E60: La Pradera-48 | F60: Deli x Mezcla | G60: Mezcla | H60: 2011 | I60: 15 | J60: 15.01 | K60: 0 | L60: 2114 | M60: 2114 | N60: Vitis Olei | O60: Propio | P60: Productivo | Q60: =IF(R60="","",'Dashboard Ciclos'!$B$2-R60) -> 46239 | R60: =IF($E60="","",IFERROR(INDEX($W60:$GX60,MATCH('Dashboard Ciclos'!$B$2,$W$1:$GX$1,0)),"")) -> 10 | S60: =IF($Q60="","Sin dato",IF($R60<=CicloObjetivo,"En ciclo",IF($R60-CicloObjetivo<=5,"Vencido 1-5 d",IF($R60-CicloObjetivo<=10,"Vencido 6-10 d",IF($R60-CicloObjetivo<=15,"Vencido 11-15 d","Vencido +15 d"))))) -> En ciclo | T60: =IF($Q60="","Sin dato",IF($R60<VentanaCosecha,"Recién cortado",IF($R60<=CicloObjetivo,"En ciclo","Fuera de ciclo"))) -> En ciclo | U60: =IF($Q60="","",CicloObjetivo-$R60) -> 2 | V60: =IF($Q60="","",$Q60+CicloObjetivo) -> 46251 | W60: =+X60-1 -> 6 | X60: =+Y60-1 -> 7 | Y60: =+Z60-1 -> 8 | Z60: =+AA60-1 -> 9 | AA60: 10 | AB60: =IF(AA60="","",AA60+1) -> 11 | AC60: =IF(AB60="","",AB60+1) -> 12 | AD60: =IF(AC60="","",AC60+1) -> 13 | AE60: =IF(AD60="","",AD60+1) -> 14 | AF60: =IF(AE60="","",AE60+1) -> 15 | AG60: =IF(AF60="","",AF60+1) -> 16 | AH60: =IF(AG60="","",AG60+1) -> 17 | AI60: =IF(AH60="","",AH60+1) -> 18 | ... AM60: =IF(AL60="","",AL60+1) -> 22 | AN60: 0 | AO60: =IF(AN60="","",AN60+1) -> 1 | AP60: =IF(AO60="","",AO60+1) -> 2 | AQ60: =IF(AP60="","",AP60+1) -> 3 | AR60: =IF(AQ60="","",AQ60+1) -> 4 | AS60: =IF(AR60="","",AR60+1) -> 5 | AT60: =IF(AS60="","",AS60+1) -> 6 | AU60: =IF(AT60="","",AT60+1) -> 7 | AV60: =IF(AU60="","",AU60+1) -> 8 | ... BE60: =IF(BD60="","",BD60+1) -> 17 | BF60: 0 | BG60: =IF(BF60="","",BF60+1) -> 1 | BH60: =IF(BG60="","",BG60+1) -> 2 | BI60: =IF(BH60="","",BH60+1) -> 3 | BJ60: =IF(BI60="","",BI60+1) -> 4 | BK60: =IF(BJ60="","",BJ60+1) -> 5 | BL60: =IF(BK60="","",BK60+1) -> 6 | BM60: =IF(BL60="","",BL60+1) -> 7 | BN60: =IF(BM60="","",BM60+1) -> 8 | ... GX60: =IF(GW60="","",GW60+1) -> 148
A61: Vitis | B61: 4 | C61: Rines | D61: 49 | E61: Rines-49 | F61: Deli x La Me | G61: Mezcla | H61: 2011 | I61: 15 | J61: 11.96 | K61: 20 | L61: 2811 | M61: 2791 | N61: Vitis Olei | O61: Propio | P61: Productivo | Q61: =IF(R61="","",'Dashboard Ciclos'!$B$2-R61) -> 46242 | R61: =IF($E61="","",IFERROR(INDEX($W61:$GX61,MATCH('Dashboard Ciclos'!$B$2,$W$1:$GX$1,0)),"")) -> 7 | S61: =IF($Q61="","Sin dato",IF($R61<=CicloObjetivo,"En ciclo",IF($R61-CicloObjetivo<=5,"Vencido 1-5 d",IF($R61-CicloObjetivo<=10,"Vencido 6-10 d",IF($R61-CicloObjetivo<=15,"Vencido 11-15 d","Vencido +15 d"))))) -> En ciclo | T61: =IF($Q61="","Sin dato",IF($R61<VentanaCosecha,"Recién cortado",IF($R61<=CicloObjetivo,"En ciclo","Fuera de ciclo"))) -> En ciclo | U61: =IF($Q61="","",CicloObjetivo-$R61) -> 5 | V61: =IF($Q61="","",$Q61+CicloObjetivo) -> 46254 | W61: =+X61-1 -> 2 | X61: =+Y61-1 -> 3 | Y61: =+Z61-1 -> 4 | Z61: =+AA61-1 -> 5 | AA61: 6 | AB61: =IF(AA61="","",AA61+1) -> 7 | AC61: =IF(AB61="","",AB61+1) -> 8 | AD61: =IF(AC61="","",AC61+1) -> 9 | AE61: =IF(AD61="","",AD61+1) -> 10 | AF61: =IF(AE61="","",AE61+1) -> 11 | AG61: =IF(AF61="","",AF61+1) -> 12 | AH61: =IF(AG61="","",AG61+1) -> 13 | AI61: =IF(AH61="","",AH61+1) -> 14 | ... AQ61: =IF(AP61="","",AP61+1) -> 22 | AR61: 0 | AS61: =IF(AR61="","",AR61+1) -> 1 | AT61: =IF(AS61="","",AS61+1) -> 2 | AU61: =IF(AT61="","",AT61+1) -> 3 | AV61: =IF(AU61="","",AU61+1) -> 4 | AW61: =IF(AV61="","",AV61+1) -> 5 | AX61: =IF(AW61="","",AW61+1) -> 6 | AY61: =IF(AX61="","",AX61+1) -> 7 | AZ61: =IF(AY61="","",AY61+1) -> 8 | ... BH61: =IF(BG61="","",BG61+1) -> 16 | BI61: 0 | BJ61: =IF(BI61="","",BI61+1) -> 1 | BK61: =IF(BJ61="","",BJ61+1) -> 2 | BL61: =IF(BK61="","",BK61+1) -> 3 | BM61: =IF(BL61="","",BL61+1) -> 4 | BN61: =IF(BM61="","",BM61+1) -> 5 | BO61: =IF(BN61="","",BN61+1) -> 6 | BP61: =IF(BO61="","",BO61+1) -> 7 | BQ61: =IF(BP61="","",BP61+1) -> 8 | ... GX61: =IF(GW61="","",GW61+1) -> 145
A62: Vitis | B62: 4 | C62: Rines | D62: 50 | E62: Rines-50 | F62: Deli x La Me | G62: Mezcla | H62: 2011 | I62: 15 | J62: 16.62 | K62: 49 | L62: 2476 | M62: 2427 | N62: Vitis Olei | O62: Propio | P62: Productivo | Q62: =IF(R62="","",'Dashboard Ciclos'!$B$2-R62) -> 46244 | R62: =IF($E62="","",IFERROR(INDEX($W62:$GX62,MATCH('Dashboard Ciclos'!$B$2,$W$1:$GX$1,0)),"")) -> 5 | S62: =IF($Q62="","Sin dato",IF($R62<=CicloObjetivo,"En ciclo",IF($R62-CicloObjetivo<=5,"Vencido 1-5 d",IF($R62-CicloObjetivo<=10,"Vencido 6-10 d",IF($R62-CicloObjetivo<=15,"Vencido 11-15 d","Vencido +15 d"))))) -> En ciclo | T62: =IF($Q62="","Sin dato",IF($R62<VentanaCosecha,"Recién cortado",IF($R62<=CicloObjetivo,"En ciclo","Fuera de ciclo"))) -> En ciclo | U62: =IF($Q62="","",CicloObjetivo-$R62) -> 7 | V62: =IF($Q62="","",$Q62+CicloObjetivo) -> 46256 | W62: =+X62-1 -> 0 | X62: =+Y62-1 -> 1 | Y62: =+Z62-1 -> 2 | Z62: =+AA62-1 -> 3 | AA62: 4 | AB62: =IF(AA62="","",AA62+1) -> 5 | AC62: =IF(AB62="","",AB62+1) -> 6 | AD62: =IF(AC62="","",AC62+1) -> 7 | AE62: =IF(AD62="","",AD62+1) -> 8 | AF62: =IF(AE62="","",AE62+1) -> 9 | AG62: =IF(AF62="","",AF62+1) -> 10 | AH62: =IF(AG62="","",AG62+1) -> 11 | AI62: =IF(AH62="","",AH62+1) -> 12 | ... AQ62: =IF(AP62="","",AP62+1) -> 20 | AR62: 0 | AS62: =IF(AR62="","",AR62+1) -> 1 | AT62: =IF(AS62="","",AS62+1) -> 2 | AU62: =IF(AT62="","",AT62+1) -> 3 | AV62: =IF(AU62="","",AU62+1) -> 4 | AW62: =IF(AV62="","",AV62+1) -> 5 | AX62: =IF(AW62="","",AW62+1) -> 6 | AY62: =IF(AX62="","",AX62+1) -> 7 | AZ62: =IF(AY62="","",AY62+1) -> 8 | ... BJ62: =IF(BI62="","",BI62+1) -> 18 | BK62: 0 | BL62: =IF(BK62="","",BK62+1) -> 1 | BM62: =IF(BL62="","",BL62+1) -> 2 | BN62: =IF(BM62="","",BM62+1) -> 3 | BO62: =IF(BN62="","",BN62+1) -> 4 | BP62: =IF(BO62="","",BO62+1) -> 5 | BQ62: =IF(BP62="","",BP62+1) -> 6 | BR62: =IF(BQ62="","",BQ62+1) -> 7 | BS62: =IF(BR62="","",BR62+1) -> 8 | ... GX62: =IF(GW62="","",GW62+1) -> 143
A63: Vitis | B63: 4 | C63: Rines | D63: 51 | E63: Rines-51 | F63: Deli x La Me | G63: Mezcla | H63: 2011 | I63: 15 | J63: 7.58 | K63: 0 | L63: 1057 | M63: 1057 | N63: Vitis Olei | O63: Propio | P63: Productivo | Q63: =IF(R63="","",'Dashboard Ciclos'!$B$2-R63) -> 46244 | R63: =IF($E63="","",IFERROR(INDEX($W63:$GX63,MATCH('Dashboard Ciclos'!$B$2,$W$1:$GX$1,0)),"")) -> 5 | S63: =IF($Q63="","Sin dato",IF($R63<=CicloObjetivo,"En ciclo",IF($R63-CicloObjetivo<=5,"Vencido 1-5 d",IF($R63-CicloObjetivo<=10,"Vencido 6-10 d",IF($R63-CicloObjetivo<=15,"Vencido 11-15 d","Vencido +15 d"))))) -> En ciclo | T63: =IF($Q63="","Sin dato",IF($R63<VentanaCosecha,"Recién cortado",IF($R63<=CicloObjetivo,"En ciclo","Fuera de ciclo"))) -> En ciclo | U63: =IF($Q63="","",CicloObjetivo-$R63) -> 7 | V63: =IF($Q63="","",$Q63+CicloObjetivo) -> 46256 | W63: =+X63-1 -> 0 | X63: =+Y63-1 -> 1 | Y63: =+Z63-1 -> 2 | Z63: =+AA63-1 -> 3 | AA63: 4 | AB63: =IF(AA63="","",AA63+1) -> 5 | AC63: =IF(AB63="","",AB63+1) -> 6 | AD63: =IF(AC63="","",AC63+1) -> 7 | AE63: =IF(AD63="","",AD63+1) -> 8 | AF63: =IF(AE63="","",AE63+1) -> 9 | AG63: =IF(AF63="","",AF63+1) -> 10 | AH63: =IF(AG63="","",AG63+1) -> 11 | AI63: =IF(AH63="","",AH63+1) -> 12 | ... AQ63: =IF(AP63="","",AP63+1) -> 20 | AR63: 0 | AS63: =IF(AR63="","",AR63+1) -> 1 | AT63: =IF(AS63="","",AS63+1) -> 2 | AU63: =IF(AT63="","",AT63+1) -> 3 | AV63: =IF(AU63="","",AU63+1) -> 4 | AW63: =IF(AV63="","",AV63+1) -> 5 | AX63: =IF(AW63="","",AW63+1) -> 6 | AY63: =IF(AX63="","",AX63+1) -> 7 | AZ63: =IF(AY63="","",AY63+1) -> 8 | ... BJ63: =IF(BI63="","",BI63+1) -> 18 | BK63: 0 | BL63: =IF(BK63="","",BK63+1) -> 1 | BM63: =IF(BL63="","",BL63+1) -> 2 | BN63: =IF(BM63="","",BM63+1) -> 3 | BO63: =IF(BN63="","",BN63+1) -> 4 | BP63: =IF(BO63="","",BO63+1) -> 5 | BQ63: =IF(BP63="","",BP63+1) -> 6 | BR63: =IF(BQ63="","",BQ63+1) -> 7 | BS63: =IF(BR63="","",BR63+1) -> 8 | ... GX63: =IF(GW63="","",GW63+1) -> 143
A64: Vitis | B64: 4 | C64: Rines | D64: 52 | E64: Rines-52 | F64: Deli x Mezcla | G64: Mezcla | H64: 2011 | I64: 15 | J64: 20.2 | K64: 40 | L64: 2858 | M64: 2818 | N64: Vitis Olei | O64: Propio | P64: Productivo | Q64: =IF(R64="","",'Dashboard Ciclos'!$B$2-R64) -> 46244 | R64: =IF($E64="","",IFERROR(INDEX($W64:$GX64,MATCH('Dashboard Ciclos'!$B$2,$W$1:$GX$1,0)),"")) -> 5 | S64: =IF($Q64="","Sin dato",IF($R64<=CicloObjetivo,"En ciclo",IF($R64-CicloObjetivo<=5,"Vencido 1-5 d",IF($R64-CicloObjetivo<=10,"Vencido 6-10 d",IF($R64-CicloObjetivo<=15,"Vencido 11-15 d","Vencido +15 d"))))) -> En ciclo | T64: =IF($Q64="","Sin dato",IF($R64<VentanaCosecha,"Recién cortado",IF($R64<=CicloObjetivo,"En ciclo","Fuera de ciclo"))) -> En ciclo | U64: =IF($Q64="","",CicloObjetivo-$R64) -> 7 | V64: =IF($Q64="","",$Q64+CicloObjetivo) -> 46256 | W64: =+X64-1 -> -1 | X64: =+Y64-1 -> 0 | Y64: =+Z64-1 -> 1 | Z64: =+AA64-1 -> 2 | AA64: 3 | AB64: =IF(AA64="","",AA64+1) -> 4 | AC64: =IF(AB64="","",AB64+1) -> 5 | AD64: =IF(AC64="","",AC64+1) -> 6 | AE64: =IF(AD64="","",AD64+1) -> 7 | AF64: =IF(AE64="","",AE64+1) -> 8 | AG64: =IF(AF64="","",AF64+1) -> 9 | AH64: =IF(AG64="","",AG64+1) -> 10 | AI64: =IF(AH64="","",AH64+1) -> 11 | ... AR64: =IF(AQ64="","",AQ64+1) -> 20 | AS64: 0 | AT64: =IF(AS64="","",AS64+1) -> 1 | AU64: =IF(AT64="","",AT64+1) -> 2 | AV64: =IF(AU64="","",AU64+1) -> 3 | AW64: =IF(AV64="","",AV64+1) -> 4 | AX64: =IF(AW64="","",AW64+1) -> 5 | AY64: =IF(AX64="","",AX64+1) -> 6 | AZ64: =IF(AY64="","",AY64+1) -> 7 | BA64: =IF(AZ64="","",AZ64+1) -> 8 | ... BJ64: =IF(BI64="","",BI64+1) -> 17 | BK64: 0 | BL64: =IF(BK64="","",BK64+1) -> 1 | BM64: =IF(BL64="","",BL64+1) -> 2 | BN64: =IF(BM64="","",BM64+1) -> 3 | BO64: =IF(BN64="","",BN64+1) -> 4 | BP64: =IF(BO64="","",BO64+1) -> 5 | BQ64: =IF(BP64="","",BP64+1) -> 6 | BR64: =IF(BQ64="","",BQ64+1) -> 7 | BS64: =IF(BR64="","",BR64+1) -> 8 | ... GX64: =IF(GW64="","",GW64+1) -> 143
A65: Vitis | B65: 4 | C65: Rines | D65: 53 | E65: Rines-53 | F65: Deli x La Me | G65: Mezcla | H65: 2011 | I65: 15 | J65: 20.76 | K65: 74 | L65: 3003 | M65: 2929 | N65: Vitis Olei | O65: Propio | P65: Productivo | Q65: =IF(R65="","",'Dashboard Ciclos'!$B$2-R65) -> 46245 | R65: =IF($E65="","",IFERROR(INDEX($W65:$GX65,MATCH('Dashboard Ciclos'!$B$2,$W$1:$GX$1,0)),"")) -> 4 | S65: =IF($Q65="","Sin dato",IF($R65<=CicloObjetivo,"En ciclo",IF($R65-CicloObjetivo<=5,"Vencido 1-5 d",IF($R65-CicloObjetivo<=10,"Vencido 6-10 d",IF($R65-CicloObjetivo<=15,"Vencido 11-15 d","Vencido +15 d"))))) -> En ciclo | T65: =IF($Q65="","Sin dato",IF($R65<VentanaCosecha,"Recién cortado",IF($R65<=CicloObjetivo,"En ciclo","Fuera de ciclo"))) -> Recién cortado | U65: =IF($Q65="","",CicloObjetivo-$R65) -> 8 | V65: =IF($Q65="","",$Q65+CicloObjetivo) -> 46257 | W65: =+X65-1 -> -3 | X65: =+Y65-1 -> -2 | Y65: =+Z65-1 -> -1 | Z65: =+AA65-1 -> 0 | AA65: 1 | AB65: =IF(AA65="","",AA65+1) -> 2 | AC65: =IF(AB65="","",AB65+1) -> 3 | AD65: =IF(AC65="","",AC65+1) -> 4 | AE65: =IF(AD65="","",AD65+1) -> 5 | AF65: =IF(AE65="","",AE65+1) -> 6 | AG65: =IF(AF65="","",AF65+1) -> 7 | AH65: =IF(AG65="","",AG65+1) -> 8 | AI65: =IF(AH65="","",AH65+1) -> 9 | ... AR65: =IF(AQ65="","",AQ65+1) -> 18 | AS65: 0 | AT65: =IF(AS65="","",AS65+1) -> 1 | AU65: =IF(AT65="","",AT65+1) -> 2 | AV65: =IF(AU65="","",AU65+1) -> 3 | AW65: =IF(AV65="","",AV65+1) -> 4 | AX65: =IF(AW65="","",AW65+1) -> 5 | AY65: =IF(AX65="","",AX65+1) -> 6 | AZ65: =IF(AY65="","",AY65+1) -> 7 | BA65: =IF(AZ65="","",AZ65+1) -> 8 | ... BK65: =IF(BJ65="","",BJ65+1) -> 18 | BL65: 0 | BM65: =IF(BL65="","",BL65+1) -> 1 | BN65: =IF(BM65="","",BM65+1) -> 2 | BO65: =IF(BN65="","",BN65+1) -> 3 | BP65: =IF(BO65="","",BO65+1) -> 4 | BQ65: =IF(BP65="","",BP65+1) -> 5 | BR65: =IF(BQ65="","",BQ65+1) -> 6 | BS65: =IF(BR65="","",BR65+1) -> 7 | BT65: =IF(BS65="","",BS65+1) -> 8 | ... GX65: =IF(GW65="","",GW65+1) -> 142
A66: Vitis | B66: 4 | C66: Rines | D66: 54 | E66: Rines-54 | F66: Deli x La Me | G66: Duras | H66: 2011 | I66: 15 | J66: 5.64 | K66: 0 | L66: 816 | M66: 816 | N66: Vitis Olei | O66: Propio | P66: Productivo | Q66: =IF(R66="","",'Dashboard Ciclos'!$B$2-R66) -> 46246 | R66: =IF($E66="","",IFERROR(INDEX($W66:$GX66,MATCH('Dashboard Ciclos'!$B$2,$W$1:$GX$1,0)),"")) -> 3 | S66: =IF($Q66="","Sin dato",IF($R66<=CicloObjetivo,"En ciclo",IF($R66-CicloObjetivo<=5,"Vencido 1-5 d",IF($R66-CicloObjetivo<=10,"Vencido 6-10 d",IF($R66-CicloObjetivo<=15,"Vencido 11-15 d","Vencido +15 d"))))) -> En ciclo | T66: =IF($Q66="","Sin dato",IF($R66<VentanaCosecha,"Recién cortado",IF($R66<=CicloObjetivo,"En ciclo","Fuera de ciclo"))) -> Recién cortado | U66: =IF($Q66="","",CicloObjetivo-$R66) -> 9 | V66: =IF($Q66="","",$Q66+CicloObjetivo) -> 46258 | W66: =+X66-1 -> 26 | X66: =+Y66-1 -> 27 | Y66: =+Z66-1 -> 28 | Z66: =+AA66-1 -> 29 | AA66: 30 | AB66: =IF(AA66="","",AA66+1) -> 31 | AC66: =IF(AB66="","",AB66+1) -> 32 | AD66: 0 | AE66: =IF(AD66="","",AD66+1) -> 1 | AF66: =IF(AE66="","",AE66+1) -> 2 | AG66: =IF(AF66="","",AF66+1) -> 3 | AH66: =IF(AG66="","",AG66+1) -> 4 | AI66: =IF(AH66="","",AH66+1) -> 5 | AJ66: =IF(AI66="","",AI66+1) -> 6 | AK66: =IF(AJ66="","",AJ66+1) -> 7 | AL66: =IF(AK66="","",AK66+1) -> 8 | ... AS66: =IF(AR66="","",AR66+1) -> 15 | AT66: 0 | AU66: =IF(AT66="","",AT66+1) -> 1 | AV66: =IF(AU66="","",AU66+1) -> 2 | AW66: =IF(AV66="","",AV66+1) -> 3 | AX66: =IF(AW66="","",AW66+1) -> 4 | AY66: =IF(AX66="","",AX66+1) -> 5 | AZ66: =IF(AY66="","",AY66+1) -> 6 | BA66: =IF(AZ66="","",AZ66+1) -> 7 | BB66: =IF(BA66="","",BA66+1) -> 8 | ... BL66: =IF(BK66="","",BK66+1) -> 18 | BM66: 0 | BN66: =IF(BM66="","",BM66+1) -> 1 | BO66: =IF(BN66="","",BN66+1) -> 2 | BP66: =IF(BO66="","",BO66+1) -> 3 | BQ66: =IF(BP66="","",BP66+1) -> 4 | BR66: =IF(BQ66="","",BQ66+1) -> 5 | BS66: =IF(BR66="","",BR66+1) -> 6 | BT66: =IF(BS66="","",BS66+1) -> 7 | BU66: =IF(BT66="","",BT66+1) -> 8 | ... GX66: =IF(GW66="","",GW66+1) -> 141
A67: Vitis | B67: 4 | C67: Rines | D67: 53A | E67: Rines-53A | F67: Deli x La Me | G67: Mezcla | H67: 2012 | I67: 14 | J67: 23.37 | K67: 0 | L67: 3304 | M67: 3304 | N67: Vitis Olei | O67: Propio | P67: Productivo | Q67: =IF(R67="","",'Dashboard Ciclos'!$B$2-R67) -> 46245 | R67: =IF($E67="","",IFERROR(INDEX($W67:$GX67,MATCH('Dashboard Ciclos'!$B$2,$W$1:$GX$1,0)),"")) -> 4 | S67: =IF($Q67="","Sin dato",IF($R67<=CicloObjetivo,"En ciclo",IF($R67-CicloObjetivo<=5,"Vencido 1-5 d",IF($R67-CicloObjetivo<=10,"Vencido 6-10 d",IF($R67-CicloObjetivo<=15,"Vencido 11-15 d","Vencido +15 d"))))) -> En ciclo | T67: =IF($Q67="","Sin dato",IF($R67<VentanaCosecha,"Recién cortado",IF($R67<=CicloObjetivo,"En ciclo","Fuera de ciclo"))) -> Recién cortado | U67: =IF($Q67="","",CicloObjetivo-$R67) -> 8 | V67: =IF($Q67="","",$Q67+CicloObjetivo) -> 46257 | W67: =+X67-1 -> 28 | X67: =+Y67-1 -> 29 | Y67: =+Z67-1 -> 30 | Z67: =+AA67-1 -> 31 | AA67: 32 | AB67: =IF(AA67="","",AA67+1) -> 33 | AC67: 0 | AD67: =IF(AC67="","",AC67+1) -> 1 | AE67: =IF(AD67="","",AD67+1) -> 2 | AF67: =IF(AE67="","",AE67+1) -> 3 | AG67: =IF(AF67="","",AF67+1) -> 4 | AH67: =IF(AG67="","",AG67+1) -> 5 | AI67: =IF(AH67="","",AH67+1) -> 6 | AJ67: =IF(AI67="","",AI67+1) -> 7 | AK67: =IF(AJ67="","",AJ67+1) -> 8 | ... AR67: =IF(AQ67="","",AQ67+1) -> 15 | AS67: 0 | AT67: =IF(AS67="","",AS67+1) -> 1 | AU67: =IF(AT67="","",AT67+1) -> 2 | AV67: =IF(AU67="","",AU67+1) -> 3 | AW67: =IF(AV67="","",AV67+1) -> 4 | AX67: =IF(AW67="","",AW67+1) -> 5 | AY67: =IF(AX67="","",AX67+1) -> 6 | AZ67: =IF(AY67="","",AY67+1) -> 7 | BA67: =IF(AZ67="","",AZ67+1) -> 8 | ... BK67: =IF(BJ67="","",BJ67+1) -> 18 | BL67: 0 | BM67: =IF(BL67="","",BL67+1) -> 1 | BN67: =IF(BM67="","",BM67+1) -> 2 | BO67: =IF(BN67="","",BN67+1) -> 3 | BP67: =IF(BO67="","",BO67+1) -> 4 | BQ67: =IF(BP67="","",BP67+1) -> 5 | BR67: =IF(BQ67="","",BQ67+1) -> 6 | BS67: =IF(BR67="","",BR67+1) -> 7 | BT67: =IF(BS67="","",BS67+1) -> 8 | ... GX67: =IF(GW67="","",GW67+1) -> 142
A68: Vitis | B68: 4 | C68: Rines | D68: 54A | E68: Rines-54A | F68: Deli x La Me | G68: Asd | H68: 2012 | I68: 14 | J68: 20.53 | K68: 0 | L68: 2779 | M68: 2779 | N68: Vitis Olei | O68: Propio | P68: Productivo | Q68: =IF(R68="","",'Dashboard Ciclos'!$B$2-R68) -> 46246 | R68: =IF($E68="","",IFERROR(INDEX($W68:$GX68,MATCH('Dashboard Ciclos'!$B$2,$W$1:$GX$1,0)),"")) -> 3 | S68: =IF($Q68="","Sin dato",IF($R68<=CicloObjetivo,"En ciclo",IF($R68-CicloObjetivo<=5,"Vencido 1-5 d",IF($R68-CicloObjetivo<=10,"Vencido 6-10 d",IF($R68-CicloObjetivo<=15,"Vencido 11-15 d","Vencido +15 d"))))) -> En ciclo | T68: =IF($Q68="","Sin dato",IF($R68<VentanaCosecha,"Recién cortado",IF($R68<=CicloObjetivo,"En ciclo","Fuera de ciclo"))) -> Recién cortado | U68: =IF($Q68="","",CicloObjetivo-$R68) -> 9 | V68: =IF($Q68="","",$Q68+CicloObjetivo) -> 46258 | W68: =+X68-1 -> 26 | X68: =+Y68-1 -> 27 | Y68: =+Z68-1 -> 28 | Z68: =+AA68-1 -> 29 | AA68: 30 | AB68: =IF(AA68="","",AA68+1) -> 31 | AC68: =IF(AB68="","",AB68+1) -> 32 | AD68: =IF(AC68="","",AC68+1) -> 33 | AE68: =IF(AD68="","",AD68+1) -> 34 | AF68: 0 | AG68: =IF(AF68="","",AF68+1) -> 1 | AH68: =IF(AG68="","",AG68+1) -> 2 | AI68: =IF(AH68="","",AH68+1) -> 3 | AJ68: =IF(AI68="","",AI68+1) -> 4 | AK68: =IF(AJ68="","",AJ68+1) -> 5 | AL68: =IF(AK68="","",AK68+1) -> 6 | AM68: =IF(AL68="","",AL68+1) -> 7 | AN68: =IF(AM68="","",AM68+1) -> 8 | ... AS68: =IF(AR68="","",AR68+1) -> 13 | AT68: 0 | AU68: =IF(AT68="","",AT68+1) -> 1 | AV68: =IF(AU68="","",AU68+1) -> 2 | AW68: =IF(AV68="","",AV68+1) -> 3 | AX68: =IF(AW68="","",AW68+1) -> 4 | AY68: =IF(AX68="","",AX68+1) -> 5 | AZ68: =IF(AY68="","",AY68+1) -> 6 | BA68: =IF(AZ68="","",AZ68+1) -> 7 | BB68: =IF(BA68="","",BA68+1) -> 8 | ... BL68: =IF(BK68="","",BK68+1) -> 18 | BM68: 0 | BN68: =IF(BM68="","",BM68+1) -> 1 | BO68: =IF(BN68="","",BN68+1) -> 2 | BP68: =IF(BO68="","",BO68+1) -> 3 | BQ68: =IF(BP68="","",BP68+1) -> 4 | BR68: =IF(BQ68="","",BQ68+1) -> 5 | BS68: =IF(BR68="","",BR68+1) -> 6 | BT68: =IF(BS68="","",BS68+1) -> 7 | BU68: =IF(BT68="","",BT68+1) -> 8 | ... GX68: =IF(GW68="","",GW68+1) -> 141
A69: Vitis | B69: 4 | C69: Rines | D69: 55 | E69: Rines-55 | F69: Duras | G69: Mezcla | H69: 2012 | I69: 14 | J69: 42.16 | K69: 0 | L69: 6075 | M69: 6075 | N69: Vitis Olei | O69: Propio | P69: Productivo | Q69: =IF(R69="","",'Dashboard Ciclos'!$B$2-R69) -> 46247 | R69: =IF($E69="","",IFERROR(INDEX($W69:$GX69,MATCH('Dashboard Ciclos'!$B$2,$W$1:$GX$1,0)),"")) -> 2 | S69: =IF($Q69="","Sin dato",IF($R69<=CicloObjetivo,"En ciclo",IF($R69-CicloObjetivo<=5,"Vencido 1-5 d",IF($R69-CicloObjetivo<=10,"Vencido 6-10 d",IF($R69-CicloObjetivo<=15,"Vencido 11-15 d","Vencido +15 d"))))) -> En ciclo | T69: =IF($Q69="","Sin dato",IF($R69<VentanaCosecha,"Recién cortado",IF($R69<=CicloObjetivo,"En ciclo","Fuera de ciclo"))) -> Recién cortado | U69: =IF($Q69="","",CicloObjetivo-$R69) -> 10 | V69: =IF($Q69="","",$Q69+CicloObjetivo) -> 46259 | W69: =+X69-1 -> 22 | X69: =+Y69-1 -> 23 | Y69: =+Z69-1 -> 24 | Z69: =+AA69-1 -> 25 | AA69: 26 | AB69: =IF(AA69="","",AA69+1) -> 27 | AC69: =IF(AB69="","",AB69+1) -> 28 | AD69: =IF(AC69="","",AC69+1) -> 29 | AE69: =IF(AD69="","",AD69+1) -> 30 | AF69: =IF(AE69="","",AE69+1) -> 31 | AG69: 0 | AH69: =IF(AG69="","",AG69+1) -> 1 | AI69: =IF(AH69="","",AH69+1) -> 2 | AJ69: =IF(AI69="","",AI69+1) -> 3 | AK69: =IF(AJ69="","",AJ69+1) -> 4 | AL69: =IF(AK69="","",AK69+1) -> 5 | AM69: =IF(AL69="","",AL69+1) -> 6 | AN69: =IF(AM69="","",AM69+1) -> 7 | AO69: =IF(AN69="","",AN69+1) -> 8 | ... AS69: =IF(AR69="","",AR69+1) -> 12 | AT69: 0 | AU69: =IF(AT69="","",AT69+1) -> 1 | AV69: =IF(AU69="","",AU69+1) -> 2 | AW69: =IF(AV69="","",AV69+1) -> 3 | AX69: =IF(AW69="","",AW69+1) -> 4 | AY69: =IF(AX69="","",AX69+1) -> 5 | AZ69: =IF(AY69="","",AY69+1) -> 6 | BA69: =IF(AZ69="","",AZ69+1) -> 7 | BB69: =IF(BA69="","",BA69+1) -> 8 | ... BM69: =IF(BL69="","",BL69+1) -> 19 | BN69: 0 | BO69: =IF(BN69="","",BN69+1) -> 1 | BP69: =IF(BO69="","",BO69+1) -> 2 | BQ69: =IF(BP69="","",BP69+1) -> 3 | BR69: =IF(BQ69="","",BQ69+1) -> 4 | BS69: =IF(BR69="","",BR69+1) -> 5 | BT69: =IF(BS69="","",BS69+1) -> 6 | BU69: =IF(BT69="","",BT69+1) -> 7 | BV69: =IF(BU69="","",BU69+1) -> 8 | ... GX69: =IF(GW69="","",GW69+1) -> 140
A70: Vitis | B70: 4 | C70: Rines | D70: 57 | E70: Rines-57 | F70: Duras | G70: Asd | H70: 2012 | I70: 14 | J70: 26.61 | K70: 0 | L70: 3667 | M70: 3667 | N70: Vitis Olei | O70: Propio | P70: Productivo | Q70: =IF(R70="","",'Dashboard Ciclos'!$B$2-R70) -> 46248 | R70: =IF($E70="","",IFERROR(INDEX($W70:$GX70,MATCH('Dashboard Ciclos'!$B$2,$W$1:$GX$1,0)),"")) -> 1 | S70: =IF($Q70="","Sin dato",IF($R70<=CicloObjetivo,"En ciclo",IF($R70-CicloObjetivo<=5,"Vencido 1-5 d",IF($R70-CicloObjetivo<=10,"Vencido 6-10 d",IF($R70-CicloObjetivo<=15,"Vencido 11-15 d","Vencido +15 d"))))) -> En ciclo | T70: =IF($Q70="","Sin dato",IF($R70<VentanaCosecha,"Recién cortado",IF($R70<=CicloObjetivo,"En ciclo","Fuera de ciclo"))) -> Recién cortado | U70: =IF($Q70="","",CicloObjetivo-$R70) -> 11 | V70: =IF($Q70="","",$Q70+CicloObjetivo) -> 46260 | W70: =+X70-1 -> 19 | X70: =+Y70-1 -> 20 | Y70: =+Z70-1 -> 21 | Z70: =+AA70-1 -> 22 | AA70: 23 | AB70: =IF(AA70="","",AA70+1) -> 24 | AC70: =IF(AB70="","",AB70+1) -> 25 | AD70: =IF(AC70="","",AC70+1) -> 26 | AE70: =IF(AD70="","",AD70+1) -> 27 | AF70: =IF(AE70="","",AE70+1) -> 28 | AG70: 0 | AH70: =IF(AG70="","",AG70+1) -> 1 | AI70: =IF(AH70="","",AH70+1) -> 2 | AJ70: =IF(AI70="","",AI70+1) -> 3 | AK70: =IF(AJ70="","",AJ70+1) -> 4 | AL70: =IF(AK70="","",AK70+1) -> 5 | AM70: =IF(AL70="","",AL70+1) -> 6 | AN70: =IF(AM70="","",AM70+1) -> 7 | AO70: =IF(AN70="","",AN70+1) -> 8 | ... AT70: =IF(AS70="","",AS70+1) -> 13 | AU70: 0 | AV70: =IF(AU70="","",AU70+1) -> 1 | AW70: =IF(AV70="","",AV70+1) -> 2 | AX70: =IF(AW70="","",AW70+1) -> 3 | AY70: =IF(AX70="","",AX70+1) -> 4 | AZ70: =IF(AY70="","",AY70+1) -> 5 | BA70: =IF(AZ70="","",AZ70+1) -> 6 | BB70: =IF(BA70="","",BA70+1) -> 7 | BC70: =IF(BB70="","",BB70+1) -> 8 | ... BN70: =IF(BM70="","",BM70+1) -> 19 | BO70: 0 | BP70: =IF(BO70="","",BO70+1) -> 1 | BQ70: =IF(BP70="","",BP70+1) -> 2 | BR70: =IF(BQ70="","",BQ70+1) -> 3 | BS70: =IF(BR70="","",BR70+1) -> 4 | BT70: =IF(BS70="","",BS70+1) -> 5 | BU70: =IF(BT70="","",BT70+1) -> 6 | BV70: =IF(BU70="","",BU70+1) -> 7 | BW70: =IF(BV70="","",BV70+1) -> 8 | ... GX70: =IF(GW70="","",GW70+1) -> 139
A71: Vitis | B71: 4 | C71: Rines | D71: 61 | E71: Rines-61 | F71: Deli x La Me | G71: Asd | H71: 2012 | I71: 14 | J71: 19.95 | K71: 0 | L71: 2934 | M71: 2934 | N71: Vitis Olei | O71: Propio | P71: Productivo | Q71: =IF(R71="","",'Dashboard Ciclos'!$B$2-R71) -> 46235 | R71: =IF($E71="","",IFERROR(INDEX($W71:$GX71,MATCH('Dashboard Ciclos'!$B$2,$W$1:$GX$1,0)),"")) -> 14 | S71: =IF($Q71="","Sin dato",IF($R71<=CicloObjetivo,"En ciclo",IF($R71-CicloObjetivo<=5,"Vencido 1-5 d",IF($R71-CicloObjetivo<=10,"Vencido 6-10 d",IF($R71-CicloObjetivo<=15,"Vencido 11-15 d","Vencido +15 d"))))) -> Vencido 1-5 d | T71: =IF($Q71="","Sin dato",IF($R71<VentanaCosecha,"Recién cortado",IF($R71<=CicloObjetivo,"En ciclo","Fuera de ciclo"))) -> Fuera de ciclo | U71: =IF($Q71="","",CicloObjetivo-$R71) -> -2 | V71: =IF($Q71="","",$Q71+CicloObjetivo) -> 46247 | W71: =+X71-1 -> 14 | X71: =+Y71-1 -> 15 | Y71: =+Z71-1 -> 16 | Z71: =+AA71-1 -> 17 | AA71: 18 | AB71: =IF(AA71="","",AA71+1) -> 19 | AC71: =IF(AB71="","",AB71+1) -> 20 | AD71: =IF(AC71="","",AC71+1) -> 21 | AE71: =IF(AD71="","",AD71+1) -> 22 | AF71: =IF(AE71="","",AE71+1) -> 23 | AG71: =IF(AF71="","",AF71+1) -> 24 | AH71: =IF(AG71="","",AG71+1) -> 25 | AI71: =IF(AH71="","",AH71+1) -> 26 | AJ71: 0 | AK71: =IF(AJ71="","",AJ71+1) -> 1 | AL71: =IF(AK71="","",AK71+1) -> 2 | AM71: =IF(AL71="","",AL71+1) -> 3 | AN71: =IF(AM71="","",AM71+1) -> 4 | AO71: =IF(AN71="","",AN71+1) -> 5 | AP71: =IF(AO71="","",AO71+1) -> 6 | AQ71: =IF(AP71="","",AP71+1) -> 7 | AR71: =IF(AQ71="","",AQ71+1) -> 8 | ... BA71: =IF(AZ71="","",AZ71+1) -> 17 | BB71: 0 | BC71: =IF(BB71="","",BB71+1) -> 1 | BD71: =IF(BC71="","",BC71+1) -> 2 | BE71: =IF(BD71="","",BD71+1) -> 3 | BF71: =IF(BE71="","",BE71+1) -> 4 | BG71: =IF(BF71="","",BF71+1) -> 5 | BH71: =IF(BG71="","",BG71+1) -> 6 | BI71: =IF(BH71="","",BH71+1) -> 7 | BJ71: =IF(BI71="","",BI71+1) -> 8 | ... GX71: =IF(GW71="","",GW71+1) -> 152
A72: Vitis | B72: 4 | C72: Rines | D72: 63 | E72: Rines-63 | F72: Deli x La Me | G72: Mezcla | H72: 2012 | I72: 14 | J72: 25.63 | K72: 0 | L72: 3024 | M72: 3024 | N72: Vitis Olei | O72: Propio | P72: Productivo | Q72: =IF(R72="","",'Dashboard Ciclos'!$B$2-R72) -> 46237 | R72: =IF($E72="","",IFERROR(INDEX($W72:$GX72,MATCH('Dashboard Ciclos'!$B$2,$W$1:$GX$1,0)),"")) -> 12 | S72: =IF($Q72="","Sin dato",IF($R72<=CicloObjetivo,"En ciclo",IF($R72-CicloObjetivo<=5,"Vencido 1-5 d",IF($R72-CicloObjetivo<=10,"Vencido 6-10 d",IF($R72-CicloObjetivo<=15,"Vencido 11-15 d","Vencido +15 d"))))) -> En ciclo | T72: =IF($Q72="","Sin dato",IF($R72<VentanaCosecha,"Recién cortado",IF($R72<=CicloObjetivo,"En ciclo","Fuera de ciclo"))) -> En ciclo | U72: =IF($Q72="","",CicloObjetivo-$R72) -> 0 | V72: =IF($Q72="","",$Q72+CicloObjetivo) -> 46249 | W72: =+X72-1 -> 11 | X72: =+Y72-1 -> 12 | Y72: =+Z72-1 -> 13 | Z72: =+AA72-1 -> 14 | AA72: 15 | AB72: =IF(AA72="","",AA72+1) -> 16 | AC72: =IF(AB72="","",AB72+1) -> 17 | AD72: =IF(AC72="","",AC72+1) -> 18 | AE72: =IF(AD72="","",AD72+1) -> 19 | AF72: =IF(AE72="","",AE72+1) -> 20 | AG72: =IF(AF72="","",AF72+1) -> 21 | AH72: =IF(AG72="","",AG72+1) -> 22 | AI72: =IF(AH72="","",AH72+1) -> 23 | AJ72: =IF(AI72="","",AI72+1) -> 24 | AK72: 0 | AL72: =IF(AK72="","",AK72+1) -> 1 | AM72: =IF(AL72="","",AL72+1) -> 2 | AN72: =IF(AM72="","",AM72+1) -> 3 | AO72: =IF(AN72="","",AN72+1) -> 4 | AP72: =IF(AO72="","",AO72+1) -> 5 | AQ72: =IF(AP72="","",AP72+1) -> 6 | AR72: =IF(AQ72="","",AQ72+1) -> 7 | AS72: =IF(AR72="","",AR72+1) -> 8 | ... BC72: =IF(BB72="","",BB72+1) -> 18 | BD72: 0 | BE72: =IF(BD72="","",BD72+1) -> 1 | BF72: =IF(BE72="","",BE72+1) -> 2 | BG72: =IF(BF72="","",BF72+1) -> 3 | BH72: =IF(BG72="","",BG72+1) -> 4 | BI72: =IF(BH72="","",BH72+1) -> 5 | BJ72: =IF(BI72="","",BI72+1) -> 6 | BK72: =IF(BJ72="","",BJ72+1) -> 7 | BL72: =IF(BK72="","",BK72+1) -> 8 | ... GX72: =IF(GW72="","",GW72+1) -> 150
A73: Vitis | B73: 4 | C73: Rines | D73: 60 | E73: Rines-60 | F73: Deli x Compacta | G73: Asd | H73: 2013 | I73: 13 | J73: 44.11 | K73: 56 | L73: 6669 | M73: 6613 | N73: Vitis Olei | O73: Propio | P73: Productivo | Q73: =IF(R73="","",'Dashboard Ciclos'!$B$2-R73) -> 46237 | R73: =IF($E73="","",IFERROR(INDEX($W73:$GX73,MATCH('Dashboard Ciclos'!$B$2,$W$1:$GX$1,0)),"")) -> 12 | S73: =IF($Q73="","Sin dato",IF($R73<=CicloObjetivo,"En ciclo",IF($R73-CicloObjetivo<=5,"Vencido 1-5 d",IF($R73-CicloObjetivo<=10,"Vencido 6-10 d",IF($R73-CicloObjetivo<=15,"Vencido 11-15 d","Vencido +15 d"))))) -> En ciclo | T73: =IF($Q73="","Sin dato",IF($R73<VentanaCosecha,"Recién cortado",IF($R73<=CicloObjetivo,"En ciclo","Fuera de ciclo"))) -> En ciclo | U73: =IF($Q73="","",CicloObjetivo-$R73) -> 0 | V73: =IF($Q73="","",$Q73+CicloObjetivo) -> 46249 | W73: =+X73-1 -> 11 | X73: =+Y73-1 -> 12 | Y73: =+Z73-1 -> 13 | Z73: =+AA73-1 -> 14 | AA73: 15 | AB73: =IF(AA73="","",AA73+1) -> 16 | AC73: =IF(AB73="","",AB73+1) -> 17 | AD73: =IF(AC73="","",AC73+1) -> 18 | AE73: =IF(AD73="","",AD73+1) -> 19 | AF73: =IF(AE73="","",AE73+1) -> 20 | AG73: =IF(AF73="","",AF73+1) -> 21 | AH73: =IF(AG73="","",AG73+1) -> 22 | AI73: =IF(AH73="","",AH73+1) -> 23 | AJ73: =IF(AI73="","",AI73+1) -> 24 | AK73: 0 | AL73: =IF(AK73="","",AK73+1) -> 1 | AM73: =IF(AL73="","",AL73+1) -> 2 | AN73: =IF(AM73="","",AM73+1) -> 3 | AO73: =IF(AN73="","",AN73+1) -> 4 | AP73: =IF(AO73="","",AO73+1) -> 5 | AQ73: =IF(AP73="","",AP73+1) -> 6 | AR73: =IF(AQ73="","",AQ73+1) -> 7 | AS73: =IF(AR73="","",AR73+1) -> 8 | ... BC73: =IF(BB73="","",BB73+1) -> 18 | BD73: 0 | BE73: =IF(BD73="","",BD73+1) -> 1 | BF73: =IF(BE73="","",BE73+1) -> 2 | BG73: =IF(BF73="","",BF73+1) -> 3 | BH73: =IF(BG73="","",BG73+1) -> 4 | BI73: =IF(BH73="","",BH73+1) -> 5 | BJ73: =IF(BI73="","",BI73+1) -> 6 | BK73: =IF(BJ73="","",BJ73+1) -> 7 | BL73: =IF(BK73="","",BK73+1) -> 8 | ... GX73: =IF(GW73="","",GW73+1) -> 150
A74: Vitis | B74: 4 | C74: Rines | D74: 62 | E74: Rines-62 | F74: Deli x Compacta | G74: Asd | H74: 2013 | I74: 13 | J74: 8.02 | K74: 0 | L74: 1197 | M74: 1197 | N74: Vitis Olei | O74: Propio | P74: Productivo | Q74: =IF(R74="","",'Dashboard Ciclos'!$B$2-R74) -> 46238 | R74: =IF($E74="","",IFERROR(INDEX($W74:$GX74,MATCH('Dashboard Ciclos'!$B$2,$W$1:$GX$1,0)),"")) -> 11 | S74: =IF($Q74="","Sin dato",IF($R74<=CicloObjetivo,"En ciclo",IF($R74-CicloObjetivo<=5,"Vencido 1-5 d",IF($R74-CicloObjetivo<=10,"Vencido 6-10 d",IF($R74-CicloObjetivo<=15,"Vencido 11-15 d","Vencido +15 d"))))) -> En ciclo | T74: =IF($Q74="","Sin dato",IF($R74<VentanaCosecha,"Recién cortado",IF($R74<=CicloObjetivo,"En ciclo","Fuera de ciclo"))) -> En ciclo | U74: =IF($Q74="","",CicloObjetivo-$R74) -> 1 | V74: =IF($Q74="","",$Q74+CicloObjetivo) -> 46250 | W74: =+X74-1 -> 10 | X74: =+Y74-1 -> 11 | Y74: =+Z74-1 -> 12 | Z74: =+AA74-1 -> 13 | AA74: 14 | AB74: =IF(AA74="","",AA74+1) -> 15 | AC74: =IF(AB74="","",AB74+1) -> 16 | AD74: =IF(AC74="","",AC74+1) -> 17 | AE74: =IF(AD74="","",AD74+1) -> 18 | AF74: =IF(AE74="","",AE74+1) -> 19 | AG74: =IF(AF74="","",AF74+1) -> 20 | AH74: =IF(AG74="","",AG74+1) -> 21 | AI74: =IF(AH74="","",AH74+1) -> 22 | AJ74: =IF(AI74="","",AI74+1) -> 23 | AK74: 0 | AL74: =IF(AK74="","",AK74+1) -> 1 | AM74: =IF(AL74="","",AL74+1) -> 2 | AN74: =IF(AM74="","",AM74+1) -> 3 | AO74: =IF(AN74="","",AN74+1) -> 4 | AP74: =IF(AO74="","",AO74+1) -> 5 | AQ74: =IF(AP74="","",AP74+1) -> 6 | AR74: =IF(AQ74="","",AQ74+1) -> 7 | AS74: =IF(AR74="","",AR74+1) -> 8 | ... BD74: =IF(BC74="","",BC74+1) -> 19 | BE74: 0 | BF74: =IF(BE74="","",BE74+1) -> 1 | BG74: =IF(BF74="","",BF74+1) -> 2 | BH74: =IF(BG74="","",BG74+1) -> 3 | BI74: =IF(BH74="","",BH74+1) -> 4 | BJ74: =IF(BI74="","",BI74+1) -> 5 | BK74: =IF(BJ74="","",BJ74+1) -> 6 | BL74: =IF(BK74="","",BK74+1) -> 7 | BM74: =IF(BL74="","",BL74+1) -> 8 | ... GX74: =IF(GW74="","",GW74+1) -> 149
A75: Vitis | B75: 4 | C75: Rines | D75: 56 | E75: Rines-56 | F75: Deli x La Me | G75: Irho | H75: 2017 | I75: 9 | J75: 10.16 | K75: 0 | L75: 1463 | M75: 1463 | N75: Vitis Olei | O75: Propio | P75: Productivo | Q75: =IF(R75="","",'Dashboard Ciclos'!$B$2-R75) -> 46235 | R75: =IF($E75="","",IFERROR(INDEX($W75:$GX75,MATCH('Dashboard Ciclos'!$B$2,$W$1:$GX$1,0)),"")) -> 14 | S75: =IF($Q75="","Sin dato",IF($R75<=CicloObjetivo,"En ciclo",IF($R75-CicloObjetivo<=5,"Vencido 1-5 d",IF($R75-CicloObjetivo<=10,"Vencido 6-10 d",IF($R75-CicloObjetivo<=15,"Vencido 11-15 d","Vencido +15 d"))))) -> Vencido 1-5 d | T75: =IF($Q75="","Sin dato",IF($R75<VentanaCosecha,"Recién cortado",IF($R75<=CicloObjetivo,"En ciclo","Fuera de ciclo"))) -> Fuera de ciclo | U75: =IF($Q75="","",CicloObjetivo-$R75) -> -2 | V75: =IF($Q75="","",$Q75+CicloObjetivo) -> 46247 | W75: =+X75-1 -> 7 | X75: =+Y75-1 -> 8 | Y75: =+Z75-1 -> 9 | Z75: =+AA75-1 -> 10 | AA75: 11 | AB75: =IF(AA75="","",AA75+1) -> 12 | AC75: =IF(AB75="","",AB75+1) -> 13 | AD75: =IF(AC75="","",AC75+1) -> 14 | AE75: =IF(AD75="","",AD75+1) -> 15 | AF75: =IF(AE75="","",AE75+1) -> 16 | AG75: =IF(AF75="","",AF75+1) -> 17 | AH75: =IF(AG75="","",AG75+1) -> 18 | AI75: =IF(AH75="","",AH75+1) -> 19 | ... AK75: =IF(AJ75="","",AJ75+1) -> 21 | AL75: 0 | AM75: =IF(AL75="","",AL75+1) -> 1 | AN75: =IF(AM75="","",AM75+1) -> 2 | AO75: =IF(AN75="","",AN75+1) -> 3 | AP75: =IF(AO75="","",AO75+1) -> 4 | AQ75: =IF(AP75="","",AP75+1) -> 5 | AR75: =IF(AQ75="","",AQ75+1) -> 6 | AS75: =IF(AR75="","",AR75+1) -> 7 | AT75: =IF(AS75="","",AS75+1) -> 8 | ... BA75: =IF(AZ75="","",AZ75+1) -> 15 | BB75: 0 | BC75: =IF(BB75="","",BB75+1) -> 1 | BD75: =IF(BC75="","",BC75+1) -> 2 | BE75: =IF(BD75="","",BD75+1) -> 3 | BF75: =IF(BE75="","",BE75+1) -> 4 | BG75: =IF(BF75="","",BF75+1) -> 5 | BH75: =IF(BG75="","",BG75+1) -> 6 | BI75: =IF(BH75="","",BH75+1) -> 7 | BJ75: =IF(BI75="","",BI75+1) -> 8 | ... GX75: =IF(GW75="","",GW75+1) -> 152
A76: Vitis | B76: 4 | C76: Rines | D76: 56A | E76: Rines-56A | F76: Deli x La Me | G76: Irho | H76: 2017 | I76: 9 | J76: 13.55 | K76: 180 | L76: 2063 | M76: 1883 | N76: Vitis Olei | O76: Propio | P76: Productivo | Q76: =IF(R76="","",'Dashboard Ciclos'!$B$2-R76) -> 46244 | R76: =IF($E76="","",IFERROR(INDEX($W76:$GX76,MATCH('Dashboard Ciclos'!$B$2,$W$1:$GX$1,0)),"")) -> 5 | S76: =IF($Q76="","Sin dato",IF($R76<=CicloObjetivo,"En ciclo",IF($R76-CicloObjetivo<=5,"Vencido 1-5 d",IF($R76-CicloObjetivo<=10,"Vencido 6-10 d",IF($R76-CicloObjetivo<=15,"Vencido 11-15 d","Vencido +15 d"))))) -> En ciclo | T76: =IF($Q76="","Sin dato",IF($R76<VentanaCosecha,"Recién cortado",IF($R76<=CicloObjetivo,"En ciclo","Fuera de ciclo"))) -> En ciclo | U76: =IF($Q76="","",CicloObjetivo-$R76) -> 7 | V76: =IF($Q76="","",$Q76+CicloObjetivo) -> 46256 | W76: =+X76-1 -> 10 | X76: =+Y76-1 -> 11 | Y76: =+Z76-1 -> 12 | Z76: =+AA76-1 -> 13 | AA76: 14 | AB76: =IF(AA76="","",AA76+1) -> 15 | AC76: 0 | AD76: =IF(AC76="","",AC76+1) -> 1 | AE76: =IF(AD76="","",AD76+1) -> 2 | AF76: =IF(AE76="","",AE76+1) -> 3 | AG76: =IF(AF76="","",AF76+1) -> 4 | AH76: =IF(AG76="","",AG76+1) -> 5 | AI76: =IF(AH76="","",AH76+1) -> 6 | AJ76: =IF(AI76="","",AI76+1) -> 7 | AK76: =IF(AJ76="","",AJ76+1) -> 8 | ... AT76: =IF(AS76="","",AS76+1) -> 17 | AU76: 0 | AV76: =IF(AU76="","",AU76+1) -> 1 | AW76: =IF(AV76="","",AV76+1) -> 2 | AX76: =IF(AW76="","",AW76+1) -> 3 | AY76: =IF(AX76="","",AX76+1) -> 4 | AZ76: =IF(AY76="","",AY76+1) -> 5 | BA76: =IF(AZ76="","",AZ76+1) -> 6 | BB76: =IF(BA76="","",BA76+1) -> 7 | BC76: =IF(BB76="","",BB76+1) -> 8 | ... BJ76: =IF(BI76="","",BI76+1) -> 15 | BK76: 0 | BL76: =IF(BK76="","",BK76+1) -> 1 | BM76: =IF(BL76="","",BL76+1) -> 2 | BN76: =IF(BM76="","",BM76+1) -> 3 | BO76: =IF(BN76="","",BN76+1) -> 4 | BP76: =IF(BO76="","",BO76+1) -> 5 | BQ76: =IF(BP76="","",BP76+1) -> 6 | BR76: =IF(BQ76="","",BQ76+1) -> 7 | BS76: =IF(BR76="","",BR76+1) -> 8 | ... GX76: =IF(GW76="","",GW76+1) -> 143
A77: Vitis | B77: 4 | C77: Rines | D77: 61A | E77: Rines-61A | F77: Deli x La Me | G77: Irho | H77: 2018 | I77: 8 | J77: 7.97 | K77: 0 | L77: 1120 | M77: 1120 | N77: Vitis Olei | O77: Propio | P77: Productivo | Q77: =IF(R77="","",'Dashboard Ciclos'!$B$2-R77) -> 46240 | R77: =IF($E77="","",IFERROR(INDEX($W77:$GX77,MATCH('Dashboard Ciclos'!$B$2,$W$1:$GX$1,0)),"")) -> 9 | S77: =IF($Q77="","Sin dato",IF($R77<=CicloObjetivo,"En ciclo",IF($R77-CicloObjetivo<=5,"Vencido 1-5 d",IF($R77-CicloObjetivo<=10,"Vencido 6-10 d",IF($R77-CicloObjetivo<=15,"Vencido 11-15 d","Vencido +15 d"))))) -> En ciclo | T77: =IF($Q77="","Sin dato",IF($R77<VentanaCosecha,"Recién cortado",IF($R77<=CicloObjetivo,"En ciclo","Fuera de ciclo"))) -> En ciclo | U77: =IF($Q77="","",CicloObjetivo-$R77) -> 3 | V77: =IF($Q77="","",$Q77+CicloObjetivo) -> 46252 | W77: =+X77-1 -> 3 | X77: =+Y77-1 -> 4 | Y77: =+Z77-1 -> 5 | Z77: =+AA77-1 -> 6 | AA77: 7 | AB77: =IF(AA77="","",AA77+1) -> 8 | AC77: =IF(AB77="","",AB77+1) -> 9 | AD77: =IF(AC77="","",AC77+1) -> 10 | AE77: =IF(AD77="","",AD77+1) -> 11 | AF77: =IF(AE77="","",AE77+1) -> 12 | AG77: =IF(AF77="","",AF77+1) -> 13 | AH77: =IF(AG77="","",AG77+1) -> 14 | AI77: =IF(AH77="","",AH77+1) -> 15 | ... AQ77: =IF(AP77="","",AP77+1) -> 23 | AR77: 0 | AS77: =IF(AR77="","",AR77+1) -> 1 | AT77: =IF(AS77="","",AS77+1) -> 2 | AU77: =IF(AT77="","",AT77+1) -> 3 | AV77: =IF(AU77="","",AU77+1) -> 4 | AW77: =IF(AV77="","",AV77+1) -> 5 | AX77: =IF(AW77="","",AW77+1) -> 6 | AY77: =IF(AX77="","",AX77+1) -> 7 | AZ77: =IF(AY77="","",AY77+1) -> 8 | ... BF77: =IF(BE77="","",BE77+1) -> 14 | BG77: 0 | BH77: =IF(BG77="","",BG77+1) -> 1 | BI77: =IF(BH77="","",BH77+1) -> 2 | BJ77: =IF(BI77="","",BI77+1) -> 3 | BK77: =IF(BJ77="","",BJ77+1) -> 4 | BL77: =IF(BK77="","",BK77+1) -> 5 | BM77: =IF(BL77="","",BL77+1) -> 6 | BN77: =IF(BM77="","",BM77+1) -> 7 | BO77: =IF(BN77="","",BN77+1) -> 8 | ... GX77: =IF(GW77="","",GW77+1) -> 147
A78: Vitis | B78: 4 | C78: Rines | D78: 62A | E78: Rines-62A | F78: Deli x La Me | G78: Irho | H78: 2018 | I78: 8 | J78: 3.02 | K78: 0 | L78: 427 | M78: 427 | N78: Vitis Olei | O78: Propio | P78: Productivo | Q78: =IF(R78="","",'Dashboard Ciclos'!$B$2-R78) -> 46241 | R78: =IF($E78="","",IFERROR(INDEX($W78:$GX78,MATCH('Dashboard Ciclos'!$B$2,$W$1:$GX$1,0)),"")) -> 8 | S78: =IF($Q78="","Sin dato",IF($R78<=CicloObjetivo,"En ciclo",IF($R78-CicloObjetivo<=5,"Vencido 1-5 d",IF($R78-CicloObjetivo<=10,"Vencido 6-10 d",IF($R78-CicloObjetivo<=15,"Vencido 11-15 d","Vencido +15 d"))))) -> En ciclo | T78: =IF($Q78="","Sin dato",IF($R78<VentanaCosecha,"Recién cortado",IF($R78<=CicloObjetivo,"En ciclo","Fuera de ciclo"))) -> En ciclo | U78: =IF($Q78="","",CicloObjetivo-$R78) -> 4 | V78: =IF($Q78="","",$Q78+CicloObjetivo) -> 46253 | W78: =+X78-1 -> 1 | X78: =+Y78-1 -> 2 | Y78: =+Z78-1 -> 3 | Z78: =+AA78-1 -> 4 | AA78: 5 | AB78: =IF(AA78="","",AA78+1) -> 6 | AC78: =IF(AB78="","",AB78+1) -> 7 | AD78: =IF(AC78="","",AC78+1) -> 8 | AE78: =IF(AD78="","",AD78+1) -> 9 | AF78: =IF(AE78="","",AE78+1) -> 10 | AG78: =IF(AF78="","",AF78+1) -> 11 | AH78: =IF(AG78="","",AG78+1) -> 12 | AI78: =IF(AH78="","",AH78+1) -> 13 | ... AR78: =IF(AQ78="","",AQ78+1) -> 22 | AS78: 0 | AT78: =IF(AS78="","",AS78+1) -> 1 | AU78: =IF(AT78="","",AT78+1) -> 2 | AV78: =IF(AU78="","",AU78+1) -> 3 | AW78: =IF(AV78="","",AV78+1) -> 4 | AX78: =IF(AW78="","",AW78+1) -> 5 | AY78: =IF(AX78="","",AX78+1) -> 6 | AZ78: =IF(AY78="","",AY78+1) -> 7 | BA78: =IF(AZ78="","",AZ78+1) -> 8 | ... BG78: =IF(BF78="","",BF78+1) -> 14 | BH78: 0 | BI78: =IF(BH78="","",BH78+1) -> 1 | BJ78: =IF(BI78="","",BI78+1) -> 2 | BK78: =IF(BJ78="","",BJ78+1) -> 3 | BL78: =IF(BK78="","",BK78+1) -> 4 | BM78: =IF(BL78="","",BL78+1) -> 5 | BN78: =IF(BM78="","",BM78+1) -> 6 | BO78: =IF(BN78="","",BN78+1) -> 7 | BP78: =IF(BO78="","",BO78+1) -> 8 | ... GX78: =IF(GW78="","",GW78+1) -> 146
A79: Vitis | B79: 4 | C79: Rines | D79: 63A | E79: Rines-63A | F79: Deli x La Me | G79: Irho | H79: 2018 | I79: 8 | J79: 14.98 | K79: 0 | L79: 2104 | M79: 2104 | N79: Vitis Olei | O79: Propio | P79: Productivo | Q79: =IF(R79="","",'Dashboard Ciclos'!$B$2-R79) -> 46241 | R79: =IF($E79="","",IFERROR(INDEX($W79:$GX79,MATCH('Dashboard Ciclos'!$B$2,$W$1:$GX$1,0)),"")) -> 8 | S79: =IF($Q79="","Sin dato",IF($R79<=CicloObjetivo,"En ciclo",IF($R79-CicloObjetivo<=5,"Vencido 1-5 d",IF($R79-CicloObjetivo<=10,"Vencido 6-10 d",IF($R79-CicloObjetivo<=15,"Vencido 11-15 d","Vencido +15 d"))))) -> En ciclo | T79: =IF($Q79="","Sin dato",IF($R79<VentanaCosecha,"Recién cortado",IF($R79<=CicloObjetivo,"En ciclo","Fuera de ciclo"))) -> En ciclo | U79: =IF($Q79="","",CicloObjetivo-$R79) -> 4 | V79: =IF($Q79="","",$Q79+CicloObjetivo) -> 46253 | W79: =+X79-1 -> 2 | X79: =+Y79-1 -> 3 | Y79: =+Z79-1 -> 4 | Z79: =+AA79-1 -> 5 | AA79: 6 | AB79: =IF(AA79="","",AA79+1) -> 7 | AC79: =IF(AB79="","",AB79+1) -> 8 | AD79: =IF(AC79="","",AC79+1) -> 9 | AE79: =IF(AD79="","",AD79+1) -> 10 | AF79: =IF(AE79="","",AE79+1) -> 11 | AG79: =IF(AF79="","",AF79+1) -> 12 | AH79: =IF(AG79="","",AG79+1) -> 13 | AI79: =IF(AH79="","",AH79+1) -> 14 | ... AQ79: =IF(AP79="","",AP79+1) -> 22 | AR79: 0 | AS79: =IF(AR79="","",AR79+1) -> 1 | AT79: =IF(AS79="","",AS79+1) -> 2 | AU79: =IF(AT79="","",AT79+1) -> 3 | AV79: =IF(AU79="","",AU79+1) -> 4 | AW79: =IF(AV79="","",AV79+1) -> 5 | AX79: =IF(AW79="","",AW79+1) -> 6 | AY79: =IF(AX79="","",AX79+1) -> 7 | AZ79: =IF(AY79="","",AY79+1) -> 8 | ... BG79: =IF(BF79="","",BF79+1) -> 15 | BH79: 0 | BI79: =IF(BH79="","",BH79+1) -> 1 | BJ79: =IF(BI79="","",BI79+1) -> 2 | BK79: =IF(BJ79="","",BJ79+1) -> 3 | BL79: =IF(BK79="","",BK79+1) -> 4 | BM79: =IF(BL79="","",BL79+1) -> 5 | BN79: =IF(BM79="","",BM79+1) -> 6 | BO79: =IF(BN79="","",BN79+1) -> 7 | BP79: =IF(BO79="","",BO79+1) -> 8 | ... GX79: =IF(GW79="","",GW79+1) -> 146
A80: Vitis | B80: 4 | C80: Rines | D80: 58 | E80: Rines-58 | F80: Deli x La Me | G80: Irho | H80: 2019 | I80: 7 | J80: 36.92 | K80: 92 | L80: 5336 | M80: 5244 | N80: Vitis Olei | O80: Propio | P80: Productivo | Q80: =IF(R80="","",'Dashboard Ciclos'!$B$2-R80) -> 46237 | R80: =IF($E80="","",IFERROR(INDEX($W80:$GX80,MATCH('Dashboard Ciclos'!$B$2,$W$1:$GX$1,0)),"")) -> 12 | S80: =IF($Q80="","Sin dato",IF($R80<=CicloObjetivo,"En ciclo",IF($R80-CicloObjetivo<=5,"Vencido 1-5 d",IF($R80-CicloObjetivo<=10,"Vencido 6-10 d",IF($R80-CicloObjetivo<=15,"Vencido 11-15 d","Vencido +15 d"))))) -> En ciclo | T80: =IF($Q80="","Sin dato",IF($R80<VentanaCosecha,"Recién cortado",IF($R80<=CicloObjetivo,"En ciclo","Fuera de ciclo"))) -> En ciclo | U80: =IF($Q80="","",CicloObjetivo-$R80) -> 0 | V80: =IF($Q80="","",$Q80+CicloObjetivo) -> 46249 | W80: =+X80-1 -> 6 | X80: =+Y80-1 -> 7 | Y80: =+Z80-1 -> 8 | Z80: =+AA80-1 -> 9 | AA80: 10 | AB80: =IF(AA80="","",AA80+1) -> 11 | AC80: =IF(AB80="","",AB80+1) -> 12 | AD80: =IF(AC80="","",AC80+1) -> 13 | AE80: =IF(AD80="","",AD80+1) -> 14 | AF80: =IF(AE80="","",AE80+1) -> 15 | AG80: =IF(AF80="","",AF80+1) -> 16 | AH80: =IF(AG80="","",AG80+1) -> 17 | AI80: =IF(AH80="","",AH80+1) -> 18 | ... AL80: =IF(AK80="","",AK80+1) -> 21 | AM80: 0 | AN80: =IF(AM80="","",AM80+1) -> 1 | AO80: =IF(AN80="","",AN80+1) -> 2 | AP80: =IF(AO80="","",AO80+1) -> 3 | AQ80: =IF(AP80="","",AP80+1) -> 4 | AR80: =IF(AQ80="","",AQ80+1) -> 5 | AS80: =IF(AR80="","",AR80+1) -> 6 | AT80: =IF(AS80="","",AS80+1) -> 7 | AU80: =IF(AT80="","",AT80+1) -> 8 | ... BC80: =IF(BB80="","",BB80+1) -> 16 | BD80: 0 | BE80: =IF(BD80="","",BD80+1) -> 1 | BF80: =IF(BE80="","",BE80+1) -> 2 | BG80: =IF(BF80="","",BF80+1) -> 3 | BH80: =IF(BG80="","",BG80+1) -> 4 | BI80: =IF(BH80="","",BH80+1) -> 5 | BJ80: =IF(BI80="","",BI80+1) -> 6 | BK80: =IF(BJ80="","",BJ80+1) -> 7 | BL80: =IF(BK80="","",BK80+1) -> 8 | ... GX80: =IF(GW80="","",GW80+1) -> 150
A81: Vitis | B81: 4 | C81: Rines | D81: 59B | E81: Rines-59B | F81: Deli x La Me | G81: Irho | H81: 2019 | I81: 7 | J81: 34.45 | K81: 0 | L81: 4850 | M81: 4850 | N81: Vitis Olei | O81: Propio | P81: Productivo | Q81: =IF(R81="","",'Dashboard Ciclos'!$B$2-R81) -> 46240 | R81: =IF($E81="","",IFERROR(INDEX($W81:$GX81,MATCH('Dashboard Ciclos'!$B$2,$W$1:$GX$1,0)),"")) -> 9 | S81: =IF($Q81="","Sin dato",IF($R81<=CicloObjetivo,"En ciclo",IF($R81-CicloObjetivo<=5,"Vencido 1-5 d",IF($R81-CicloObjetivo<=10,"Vencido 6-10 d",IF($R81-CicloObjetivo<=15,"Vencido 11-15 d","Vencido +15 d"))))) -> En ciclo | T81: =IF($Q81="","Sin dato",IF($R81<VentanaCosecha,"Recién cortado",IF($R81<=CicloObjetivo,"En ciclo","Fuera de ciclo"))) -> En ciclo | U81: =IF($Q81="","",CicloObjetivo-$R81) -> 3 | V81: =IF($Q81="","",$Q81+CicloObjetivo) -> 46252 | W81: =+X81-1 -> -3 | X81: =+Y81-1 -> -2 | Y81: =+Z81-1 -> -1 | Z81: =+AA81-1 -> 0 | AA81: 1 | AB81: =IF(AA81="","",AA81+1) -> 2 | AC81: =IF(AB81="","",AB81+1) -> 3 | AD81: =IF(AC81="","",AC81+1) -> 4 | AE81: =IF(AD81="","",AD81+1) -> 5 | AF81: =IF(AE81="","",AE81+1) -> 6 | AG81: =IF(AF81="","",AF81+1) -> 7 | AH81: =IF(AG81="","",AG81+1) -> 8 | AI81: =IF(AH81="","",AH81+1) -> 9 | ... AS81: =IF(AR81="","",AR81+1) -> 19 | AT81: 0 | AU81: =IF(AT81="","",AT81+1) -> 1 | AV81: =IF(AU81="","",AU81+1) -> 2 | AW81: =IF(AV81="","",AV81+1) -> 3 | AX81: =IF(AW81="","",AW81+1) -> 4 | AY81: =IF(AX81="","",AX81+1) -> 5 | AZ81: =IF(AY81="","",AY81+1) -> 6 | BA81: =IF(AZ81="","",AZ81+1) -> 7 | BB81: =IF(BA81="","",BA81+1) -> 8 | ... BF81: =IF(BE81="","",BE81+1) -> 12 | BG81: 0 | BH81: =IF(BG81="","",BG81+1) -> 1 | BI81: =IF(BH81="","",BH81+1) -> 2 | BJ81: =IF(BI81="","",BI81+1) -> 3 | BK81: =IF(BJ81="","",BJ81+1) -> 4 | BL81: =IF(BK81="","",BK81+1) -> 5 | BM81: =IF(BL81="","",BL81+1) -> 6 | BN81: =IF(BM81="","",BM81+1) -> 7 | BO81: =IF(BN81="","",BN81+1) -> 8 | ... GX81: =IF(GW81="","",GW81+1) -> 147
A82: Vitis | B82: 4 | C82: Rines | D82: 61B | E82: Rines-61B | F82: Deli x La Me | G82: Irho | H82: 2019 | I82: 7 | J82: 12.14 | K82: 0 | L82: 1730 | M82: 1730 | N82: Vitis Olei | O82: Propio | P82: Productivo | Q82: =IF(R82="","",'Dashboard Ciclos'!$B$2-R82) -> 46244 | R82: =IF($E82="","",IFERROR(INDEX($W82:$GX82,MATCH('Dashboard Ciclos'!$B$2,$W$1:$GX$1,0)),"")) -> 5 | S82: =IF($Q82="","Sin dato",IF($R82<=CicloObjetivo,"En ciclo",IF($R82-CicloObjetivo<=5,"Vencido 1-5 d",IF($R82-CicloObjetivo<=10,"Vencido 6-10 d",IF($R82-CicloObjetivo<=15,"Vencido 11-15 d","Vencido +15 d"))))) -> En ciclo | T82: =IF($Q82="","Sin dato",IF($R82<VentanaCosecha,"Recién cortado",IF($R82<=CicloObjetivo,"En ciclo","Fuera de ciclo"))) -> En ciclo | U82: =IF($Q82="","",CicloObjetivo-$R82) -> 7 | V82: =IF($Q82="","",$Q82+CicloObjetivo) -> 46256 | W82: =+X82-1 -> 0 | X82: =+Y82-1 -> 1 | Y82: =+Z82-1 -> 2 | Z82: =+AA82-1 -> 3 | AA82: 4 | AB82: =IF(AA82="","",AA82+1) -> 5 | AC82: =IF(AB82="","",AB82+1) -> 6 | AD82: =IF(AC82="","",AC82+1) -> 7 | AE82: =IF(AD82="","",AD82+1) -> 8 | AF82: =IF(AE82="","",AE82+1) -> 9 | AG82: =IF(AF82="","",AF82+1) -> 10 | AH82: =IF(AG82="","",AG82+1) -> 11 | AI82: =IF(AH82="","",AH82+1) -> 12 | ... AR82: =IF(AQ82="","",AQ82+1) -> 21 | AS82: 0 | AT82: =IF(AS82="","",AS82+1) -> 1 | AU82: =IF(AT82="","",AT82+1) -> 2 | AV82: =IF(AU82="","",AU82+1) -> 3 | AW82: =IF(AV82="","",AV82+1) -> 4 | AX82: =IF(AW82="","",AW82+1) -> 5 | AY82: =IF(AX82="","",AX82+1) -> 6 | AZ82: =IF(AY82="","",AY82+1) -> 7 | BA82: =IF(AZ82="","",AZ82+1) -> 8 | ... BJ82: =IF(BI82="","",BI82+1) -> 17 | BK82: 0 | BL82: =IF(BK82="","",BK82+1) -> 1 | BM82: =IF(BL82="","",BL82+1) -> 2 | BN82: =IF(BM82="","",BM82+1) -> 3 | BO82: =IF(BN82="","",BN82+1) -> 4 | BP82: =IF(BO82="","",BO82+1) -> 5 | BQ82: =IF(BP82="","",BP82+1) -> 6 | BR82: =IF(BQ82="","",BQ82+1) -> 7 | BS82: =IF(BR82="","",BR82+1) -> 8 | ... GX82: =IF(GW82="","",GW82+1) -> 143
A83: Paso Barinas | B83: 5 | C83: Paso Barinas | D83: 1 | E83: Paso Barinas-1 | F83: Deli x La Me | G83: Irho | H83: 2022 | I83: 4 | J83: 7 | K83: 0 | L83: 1024 | M83: 1024 | N83: Palmeras del Casanare | O83: Administrado | P83: Productivo | Q83: =IF(R83="","",'Dashboard Ciclos'!$B$2-R83) -> 46234 | R83: =IF($E83="","",IFERROR(INDEX($W83:$GX83,MATCH('Dashboard Ciclos'!$B$2,$W$1:$GX$1,0)),"")) -> 15 | S83: =IF($Q83="","Sin dato",IF($R83<=CicloObjetivo,"En ciclo",IF($R83-CicloObjetivo<=5,"Vencido 1-5 d",IF($R83-CicloObjetivo<=10,"Vencido 6-10 d",IF($R83-CicloObjetivo<=15,"Vencido 11-15 d","Vencido +15 d"))))) -> Vencido 1-5 d | T83: =IF($Q83="","Sin dato",IF($R83<VentanaCosecha,"Recién cortado",IF($R83<=CicloObjetivo,"En ciclo","Fuera de ciclo"))) -> Fuera de ciclo | U83: =IF($Q83="","",CicloObjetivo-$R83) -> -3 | V83: =IF($Q83="","",$Q83+CicloObjetivo) -> 46246 | W83: =+X83-1 -> 18 | X83: =+Y83-1 -> 19 | Y83: =+Z83-1 -> 20 | Z83: =+AA83-1 -> 21 | AA83: 22 | AB83: =IF(AA83="","",AA83+1) -> 23 | AC83: =IF(AB83="","",AB83+1) -> 24 | AD83: =IF(AC83="","",AC83+1) -> 25 | AE83: =IF(AD83="","",AD83+1) -> 26 | AF83: =IF(AE83="","",AE83+1) -> 27 | AG83: =IF(AF83="","",AF83+1) -> 28 | AH83: =IF(AG83="","",AG83+1) -> 29 | AI83: 0 | AJ83: =IF(AI83="","",AI83+1) -> 1 | AK83: =IF(AJ83="","",AJ83+1) -> 2 | AL83: =IF(AK83="","",AK83+1) -> 3 | AM83: =IF(AL83="","",AL83+1) -> 4 | AN83: =IF(AM83="","",AM83+1) -> 5 | AO83: =IF(AN83="","",AN83+1) -> 6 | AP83: =IF(AO83="","",AO83+1) -> 7 | AQ83: =IF(AP83="","",AP83+1) -> 8 | ... AZ83: =IF(AY83="","",AY83+1) -> 17 | BA83: 0 | BB83: =IF(BA83="","",BA83+1) -> 1 | BC83: =IF(BB83="","",BB83+1) -> 2 | BD83: =IF(BC83="","",BC83+1) -> 3 | BE83: =IF(BD83="","",BD83+1) -> 4 | BF83: =IF(BE83="","",BE83+1) -> 5 | BG83: =IF(BF83="","",BF83+1) -> 6 | BH83: =IF(BG83="","",BG83+1) -> 7 | BI83: =IF(BH83="","",BH83+1) -> 8 | ... GX83: =IF(GW83="","",GW83+1) -> 153
A84: Paso Barinas | B84: 5 | C84: Paso Barinas | D84: 1A | E84: Paso Barinas-1A | F84: Deli x La Me | G84: Irho | H84: 2022 | I84: 4 | J84: 11 | K84: 0 | L84: 1606 | M84: 1606 | N84: Palmeras del Casanare | O84: Administrado | P84: Productivo | Q84: =IF(R84="","",'Dashboard Ciclos'!$B$2-R84) -> 46234 | R84: =IF($E84="","",IFERROR(INDEX($W84:$GX84,MATCH('Dashboard Ciclos'!$B$2,$W$1:$GX$1,0)),"")) -> 15 | S84: =IF($Q84="","Sin dato",IF($R84<=CicloObjetivo,"En ciclo",IF($R84-CicloObjetivo<=5,"Vencido 1-5 d",IF($R84-CicloObjetivo<=10,"Vencido 6-10 d",IF($R84-CicloObjetivo<=15,"Vencido 11-15 d","Vencido +15 d"))))) -> Vencido 1-5 d | T84: =IF($Q84="","Sin dato",IF($R84<VentanaCosecha,"Recién cortado",IF($R84<=CicloObjetivo,"En ciclo","Fuera de ciclo"))) -> Fuera de ciclo | U84: =IF($Q84="","",CicloObjetivo-$R84) -> -3 | V84: =IF($Q84="","",$Q84+CicloObjetivo) -> 46246 | W84: =+X84-1 -> 18 | X84: =+Y84-1 -> 19 | Y84: =+Z84-1 -> 20 | Z84: =+AA84-1 -> 21 | AA84: 22 | AB84: =IF(AA84="","",AA84+1) -> 23 | AC84: =IF(AB84="","",AB84+1) -> 24 | AD84: =IF(AC84="","",AC84+1) -> 25 | AE84: =IF(AD84="","",AD84+1) -> 26 | AF84: =IF(AE84="","",AE84+1) -> 27 | AG84: =IF(AF84="","",AF84+1) -> 28 | AH84: =IF(AG84="","",AG84+1) -> 29 | AI84: =IF(AH84="","",AH84+1) -> 30 | AJ84: 0 | AK84: =IF(AJ84="","",AJ84+1) -> 1 | AL84: =IF(AK84="","",AK84+1) -> 2 | AM84: =IF(AL84="","",AL84+1) -> 3 | AN84: =IF(AM84="","",AM84+1) -> 4 | AO84: =IF(AN84="","",AN84+1) -> 5 | AP84: =IF(AO84="","",AO84+1) -> 6 | AQ84: =IF(AP84="","",AP84+1) -> 7 | AR84: =IF(AQ84="","",AQ84+1) -> 8 | ... AZ84: =IF(AY84="","",AY84+1) -> 16 | BA84: 0 | BB84: =IF(BA84="","",BA84+1) -> 1 | BC84: =IF(BB84="","",BB84+1) -> 2 | BD84: =IF(BC84="","",BC84+1) -> 3 | BE84: =IF(BD84="","",BD84+1) -> 4 | BF84: =IF(BE84="","",BE84+1) -> 5 | BG84: =IF(BF84="","",BF84+1) -> 6 | BH84: =IF(BG84="","",BG84+1) -> 7 | BI84: =IF(BH84="","",BH84+1) -> 8 | ... GX84: =IF(GW84="","",GW84+1) -> 153
A85: Paso Barinas | B85: 5 | C85: Paso Barinas | D85: 1B | E85: Paso Barinas-1B | F85: Deli x La Me | G85: Irho | H85: 2022 | I85: 4 | J85: 11 | K85: 0 | L85: 1618 | M85: 1618 | N85: Palmeras del Casanare | O85: Administrado | P85: Productivo | Q85: =IF(R85="","",'Dashboard Ciclos'!$B$2-R85) -> 46234 | R85: =IF($E85="","",IFERROR(INDEX($W85:$GX85,MATCH('Dashboard Ciclos'!$B$2,$W$1:$GX$1,0)),"")) -> 15 | S85: =IF($Q85="","Sin dato",IF($R85<=CicloObjetivo,"En ciclo",IF($R85-CicloObjetivo<=5,"Vencido 1-5 d",IF($R85-CicloObjetivo<=10,"Vencido 6-10 d",IF($R85-CicloObjetivo<=15,"Vencido 11-15 d","Vencido +15 d"))))) -> Vencido 1-5 d | T85: =IF($Q85="","Sin dato",IF($R85<VentanaCosecha,"Recién cortado",IF($R85<=CicloObjetivo,"En ciclo","Fuera de ciclo"))) -> Fuera de ciclo | U85: =IF($Q85="","",CicloObjetivo-$R85) -> -3 | V85: =IF($Q85="","",$Q85+CicloObjetivo) -> 46246 | W85: =+X85-1 -> 14 | X85: =+Y85-1 -> 15 | Y85: =+Z85-1 -> 16 | Z85: =+AA85-1 -> 17 | AA85: 18 | AB85: =IF(AA85="","",AA85+1) -> 19 | AC85: =IF(AB85="","",AB85+1) -> 20 | AD85: =IF(AC85="","",AC85+1) -> 21 | AE85: =IF(AD85="","",AD85+1) -> 22 | AF85: =IF(AE85="","",AE85+1) -> 23 | AG85: =IF(AF85="","",AF85+1) -> 24 | AH85: =IF(AG85="","",AG85+1) -> 25 | AI85: =IF(AH85="","",AH85+1) -> 26 | AJ85: =IF(AI85="","",AI85+1) -> 27 | AK85: 0 | AL85: =IF(AK85="","",AK85+1) -> 1 | AM85: =IF(AL85="","",AL85+1) -> 2 | AN85: =IF(AM85="","",AM85+1) -> 3 | AO85: =IF(AN85="","",AN85+1) -> 4 | AP85: =IF(AO85="","",AO85+1) -> 5 | AQ85: =IF(AP85="","",AP85+1) -> 6 | AR85: =IF(AQ85="","",AQ85+1) -> 7 | AS85: =IF(AR85="","",AR85+1) -> 8 | ... AZ85: =IF(AY85="","",AY85+1) -> 15 | BA85: 0 | BB85: =IF(BA85="","",BA85+1) -> 1 | BC85: =IF(BB85="","",BB85+1) -> 2 | BD85: =IF(BC85="","",BC85+1) -> 3 | BE85: =IF(BD85="","",BD85+1) -> 4 | BF85: =IF(BE85="","",BE85+1) -> 5 | BG85: =IF(BF85="","",BF85+1) -> 6 | BH85: =IF(BG85="","",BG85+1) -> 7 | BI85: =IF(BH85="","",BH85+1) -> 8 | ... GX85: =IF(GW85="","",GW85+1) -> 153
A86: Paso Barinas | B86: 5 | C86: Paso Barinas | D86: 2 | E86: Paso Barinas-2 | F86: Deli x La Me | G86: Irho | H86: 2022 | I86: 4 | J86: 19 | K86: 0 | L86: 2674 | M86: 2674 | N86: Palmeras del Casanare | O86: Administrado | P86: Productivo | Q86: =IF(R86="","",'Dashboard Ciclos'!$B$2-R86) -> 46234 | R86: =IF($E86="","",IFERROR(INDEX($W86:$GX86,MATCH('Dashboard Ciclos'!$B$2,$W$1:$GX$1,0)),"")) -> 15 | S86: =IF($Q86="","Sin dato",IF($R86<=CicloObjetivo,"En ciclo",IF($R86-CicloObjetivo<=5,"Vencido 1-5 d",IF($R86-CicloObjetivo<=10,"Vencido 6-10 d",IF($R86-CicloObjetivo<=15,"Vencido 11-15 d","Vencido +15 d"))))) -> Vencido 1-5 d | T86: =IF($Q86="","Sin dato",IF($R86<VentanaCosecha,"Recién cortado",IF($R86<=CicloObjetivo,"En ciclo","Fuera de ciclo"))) -> Fuera de ciclo | U86: =IF($Q86="","",CicloObjetivo-$R86) -> -3 | V86: =IF($Q86="","",$Q86+CicloObjetivo) -> 46246 | W86: =+X86-1 -> -2 | X86: =+Y86-1 -> -1 | Y86: =+Z86-1 -> 0 | Z86: =+AA86-1 -> 1 | AA86: 2 | AB86: =IF(AA86="","",AA86+1) -> 3 | AC86: =IF(AB86="","",AB86+1) -> 4 | AD86: =IF(AC86="","",AC86+1) -> 5 | AE86: =IF(AD86="","",AD86+1) -> 6 | AF86: =IF(AE86="","",AE86+1) -> 7 | AG86: =IF(AF86="","",AF86+1) -> 8 | AH86: =IF(AG86="","",AG86+1) -> 9 | AI86: =IF(AH86="","",AH86+1) -> 10 | ... AZ86: =IF(AY86="","",AY86+1) -> 27 | BA86: 0 | BB86: =IF(BA86="","",BA86+1) -> 1 | BC86: =IF(BB86="","",BB86+1) -> 2 | BD86: =IF(BC86="","",BC86+1) -> 3 | BE86: =IF(BD86="","",BD86+1) -> 4 | BF86: =IF(BE86="","",BE86+1) -> 5 | BG86: =IF(BF86="","",BF86+1) -> 6 | BH86: =IF(BG86="","",BG86+1) -> 7 | BI86: =IF(BH86="","",BH86+1) -> 8 | ... GX86: =IF(GW86="","",GW86+1) -> 153
A87: Paso Barinas | B87: 5 | C87: Paso Barinas | D87: 2A | E87: Paso Barinas-2A | F87: Deli x La Me | G87: Irho | H87: 2022 | I87: 4 | J87: 17 | K87: 0 | L87: 2567 | M87: 2567 | N87: Palmeras del Casanare | O87: Administrado | P87: Productivo | Q87: =IF(R87="","",'Dashboard Ciclos'!$B$2-R87) -> 46233 | R87: =IF($E87="","",IFERROR(INDEX($W87:$GX87,MATCH('Dashboard Ciclos'!$B$2,$W$1:$GX$1,0)),"")) -> 16 | S87: =IF($Q87="","Sin dato",IF($R87<=CicloObjetivo,"En ciclo",IF($R87-CicloObjetivo<=5,"Vencido 1-5 d",IF($R87-CicloObjetivo<=10,"Vencido 6-10 d",IF($R87-CicloObjetivo<=15,"Vencido 11-15 d","Vencido +15 d"))))) -> Vencido 1-5 d | T87: =IF($Q87="","Sin dato",IF($R87<VentanaCosecha,"Recién cortado",IF($R87<=CicloObjetivo,"En ciclo","Fuera de ciclo"))) -> Fuera de ciclo | U87: =IF($Q87="","",CicloObjetivo-$R87) -> -4 | V87: =IF($Q87="","",$Q87+CicloObjetivo) -> 46245 | W87: =+X87-1 -> 40 | X87: =+Y87-1 -> 41 | Y87: =+Z87-1 -> 42 | Z87: =+AA87-1 -> 43 | AA87: 44 | AB87: 0 | AC87: =IF(AB87="","",AB87+1) -> 1 | AD87: =IF(AC87="","",AC87+1) -> 2 | AE87: =IF(AD87="","",AD87+1) -> 3 | AF87: =IF(AE87="","",AE87+1) -> 4 | AG87: =IF(AF87="","",AF87+1) -> 5 | AH87: =IF(AG87="","",AG87+1) -> 6 | AI87: =IF(AH87="","",AH87+1) -> 7 | AJ87: =IF(AI87="","",AI87+1) -> 8 | ... AY87: =IF(AX87="","",AX87+1) -> 23 | AZ87: 0 | BA87: =IF(AZ87="","",AZ87+1) -> 1 | BB87: =IF(BA87="","",BA87+1) -> 2 | BC87: =IF(BB87="","",BB87+1) -> 3 | BD87: =IF(BC87="","",BC87+1) -> 4 | BE87: =IF(BD87="","",BD87+1) -> 5 | BF87: =IF(BE87="","",BE87+1) -> 6 | BG87: =IF(BF87="","",BF87+1) -> 7 | BH87: =IF(BG87="","",BG87+1) -> 8 | ... GX87: =IF(GW87="","",GW87+1) -> 154
A88: Paso Barinas | B88: 5 | C88: Paso Barinas | D88: 3 | E88: Paso Barinas-3 | F88: Deli x La Me | G88: Irho | H88: 2022 | I88: 4 | J88: 11 | K88: 0 | L88: 1553 | M88: 1553 | N88: Palmeras del Casanare | O88: Administrado | P88: Productivo | Q88: =IF(R88="","",'Dashboard Ciclos'!$B$2-R88) -> 46233 | R88: =IF($E88="","",IFERROR(INDEX($W88:$GX88,MATCH('Dashboard Ciclos'!$B$2,$W$1:$GX$1,0)),"")) -> 16 | S88: =IF($Q88="","Sin dato",IF($R88<=CicloObjetivo,"En ciclo",IF($R88-CicloObjetivo<=5,"Vencido 1-5 d",IF($R88-CicloObjetivo<=10,"Vencido 6-10 d",IF($R88-CicloObjetivo<=15,"Vencido 11-15 d","Vencido +15 d"))))) -> Vencido 1-5 d | T88: =IF($Q88="","Sin dato",IF($R88<VentanaCosecha,"Recién cortado",IF($R88<=CicloObjetivo,"En ciclo","Fuera de ciclo"))) -> Fuera de ciclo | U88: =IF($Q88="","",CicloObjetivo-$R88) -> -4 | V88: =IF($Q88="","",$Q88+CicloObjetivo) -> 46245 | W88: =+X88-1 -> 36 | X88: =+Y88-1 -> 37 | Y88: =+Z88-1 -> 38 | Z88: =+AA88-1 -> 39 | AA88: 40 | AB88: =IF(AA88="","",AA88+1) -> 41 | AC88: =IF(AB88="","",AB88+1) -> 42 | AD88: =IF(AC88="","",AC88+1) -> 43 | AE88: 0 | AF88: =IF(AE88="","",AE88+1) -> 1 | AG88: =IF(AF88="","",AF88+1) -> 2 | AH88: =IF(AG88="","",AG88+1) -> 3 | AI88: =IF(AH88="","",AH88+1) -> 4 | AJ88: =IF(AI88="","",AI88+1) -> 5 | AK88: =IF(AJ88="","",AJ88+1) -> 6 | AL88: =IF(AK88="","",AK88+1) -> 7 | AM88: =IF(AL88="","",AL88+1) -> 8 | ... AY88: =IF(AX88="","",AX88+1) -> 20 | AZ88: 0 | BA88: =IF(AZ88="","",AZ88+1) -> 1 | BB88: =IF(BA88="","",BA88+1) -> 2 | BC88: =IF(BB88="","",BB88+1) -> 3 | BD88: =IF(BC88="","",BC88+1) -> 4 | BE88: =IF(BD88="","",BD88+1) -> 5 | BF88: =IF(BE88="","",BE88+1) -> 6 | BG88: =IF(BF88="","",BF88+1) -> 7 | BH88: =IF(BG88="","",BG88+1) -> 8 | ... GX88: =IF(GW88="","",GW88+1) -> 154
A89: Paso Barinas | B89: 5 | C89: Paso Barinas | D89: 3A | E89: Paso Barinas-3A | F89: Deli x La Me | G89: Irho | H89: 2022 | I89: 4 | J89: 11 | K89: 0 | L89: 1499 | M89: 1499 | N89: Palmeras del Casanare | O89: Administrado | P89: Productivo | Q89: =IF(R89="","",'Dashboard Ciclos'!$B$2-R89) -> 46233 | R89: =IF($E89="","",IFERROR(INDEX($W89:$GX89,MATCH('Dashboard Ciclos'!$B$2,$W$1:$GX$1,0)),"")) -> 16 | S89: =IF($Q89="","Sin dato",IF($R89<=CicloObjetivo,"En ciclo",IF($R89-CicloObjetivo<=5,"Vencido 1-5 d",IF($R89-CicloObjetivo<=10,"Vencido 6-10 d",IF($R89-CicloObjetivo<=15,"Vencido 11-15 d","Vencido +15 d"))))) -> Vencido 1-5 d | T89: =IF($Q89="","Sin dato",IF($R89<VentanaCosecha,"Recién cortado",IF($R89<=CicloObjetivo,"En ciclo","Fuera de ciclo"))) -> Fuera de ciclo | U89: =IF($Q89="","",CicloObjetivo-$R89) -> -4 | V89: =IF($Q89="","",$Q89+CicloObjetivo) -> 46245 | W89: =+X89-1 -> 36 | X89: =+Y89-1 -> 37 | Y89: =+Z89-1 -> 38 | Z89: =+AA89-1 -> 39 | AA89: 40 | AB89: =IF(AA89="","",AA89+1) -> 41 | AC89: =IF(AB89="","",AB89+1) -> 42 | AD89: =IF(AC89="","",AC89+1) -> 43 | AE89: =IF(AD89="","",AD89+1) -> 44 | AF89: =IF(AE89="","",AE89+1) -> 45 | AG89: 0 | AH89: =IF(AG89="","",AG89+1) -> 1 | AI89: =IF(AH89="","",AH89+1) -> 2 | AJ89: =IF(AI89="","",AI89+1) -> 3 | AK89: =IF(AJ89="","",AJ89+1) -> 4 | AL89: =IF(AK89="","",AK89+1) -> 5 | AM89: =IF(AL89="","",AL89+1) -> 6 | AN89: =IF(AM89="","",AM89+1) -> 7 | AO89: =IF(AN89="","",AN89+1) -> 8 | ... AY89: =IF(AX89="","",AX89+1) -> 18 | AZ89: 0 | BA89: =IF(AZ89="","",AZ89+1) -> 1 | BB89: =IF(BA89="","",BA89+1) -> 2 | BC89: =IF(BB89="","",BB89+1) -> 3 | BD89: =IF(BC89="","",BC89+1) -> 4 | BE89: =IF(BD89="","",BD89+1) -> 5 | BF89: =IF(BE89="","",BE89+1) -> 6 | BG89: =IF(BF89="","",BF89+1) -> 7 | BH89: =IF(BG89="","",BG89+1) -> 8 | ... GX89: =IF(GW89="","",GW89+1) -> 154
A90: Paso Barinas | B90: 5 | C90: Paso Barinas | D90: 3B | E90: Paso Barinas-3B | F90: Deli x La Me | G90: Irho | H90: 2022 | I90: 4 | J90: 16 | K90: 0 | L90: 2326 | M90: 2326 | N90: Palmeras del Casanare | O90: Administrado | P90: Productivo | Q90: =IF(R90="","",'Dashboard Ciclos'!$B$2-R90) -> 46233 | R90: =IF($E90="","",IFERROR(INDEX($W90:$GX90,MATCH('Dashboard Ciclos'!$B$2,$W$1:$GX$1,0)),"")) -> 16 | S90: =IF($Q90="","Sin dato",IF($R90<=CicloObjetivo,"En ciclo",IF($R90-CicloObjetivo<=5,"Vencido 1-5 d",IF($R90-CicloObjetivo<=10,"Vencido 6-10 d",IF($R90-CicloObjetivo<=15,"Vencido 11-15 d","Vencido +15 d"))))) -> Vencido 1-5 d | T90: =IF($Q90="","Sin dato",IF($R90<VentanaCosecha,"Recién cortado",IF($R90<=CicloObjetivo,"En ciclo","Fuera de ciclo"))) -> Fuera de ciclo | U90: =IF($Q90="","",CicloObjetivo-$R90) -> -4 | V90: =IF($Q90="","",$Q90+CicloObjetivo) -> 46245 | W90: =+X90-1 -> 35 | X90: =+Y90-1 -> 36 | Y90: =+Z90-1 -> 37 | Z90: =+AA90-1 -> 38 | AA90: 39 | AB90: =IF(AA90="","",AA90+1) -> 40 | AC90: =IF(AB90="","",AB90+1) -> 41 | AD90: =IF(AC90="","",AC90+1) -> 42 | AE90: =IF(AD90="","",AD90+1) -> 43 | AF90: =IF(AE90="","",AE90+1) -> 44 | AG90: =IF(AF90="","",AF90+1) -> 45 | AH90: 0 | AI90: =IF(AH90="","",AH90+1) -> 1 | AJ90: =IF(AI90="","",AI90+1) -> 2 | AK90: =IF(AJ90="","",AJ90+1) -> 3 | AL90: =IF(AK90="","",AK90+1) -> 4 | AM90: =IF(AL90="","",AL90+1) -> 5 | AN90: =IF(AM90="","",AM90+1) -> 6 | AO90: =IF(AN90="","",AN90+1) -> 7 | AP90: =IF(AO90="","",AO90+1) -> 8 | ... AY90: =IF(AX90="","",AX90+1) -> 17 | AZ90: 0 | BA90: =IF(AZ90="","",AZ90+1) -> 1 | BB90: =IF(BA90="","",BA90+1) -> 2 | BC90: =IF(BB90="","",BB90+1) -> 3 | BD90: =IF(BC90="","",BC90+1) -> 4 | BE90: =IF(BD90="","",BD90+1) -> 5 | BF90: =IF(BE90="","",BE90+1) -> 6 | BG90: =IF(BF90="","",BF90+1) -> 7 | BH90: =IF(BG90="","",BG90+1) -> 8 | ... GX90: =IF(GW90="","",GW90+1) -> 154
A91: Paso Barinas | B91: 5 | C91: Paso Barinas | D91: 4 | E91: Paso Barinas-4 | F91: Deli x La Me | G91: Irho | H91: 2023 | I91: 3 | J91: 33 | K91: 0 | L91: 4567 | M91: 4567 | N91: Palmeras del Casanare | O91: Administrado | P91: Productivo | Q91: =IF(R91="","",'Dashboard Ciclos'!$B$2-R91) -> 46248 | R91: =IF($E91="","",IFERROR(INDEX($W91:$GX91,MATCH('Dashboard Ciclos'!$B$2,$W$1:$GX$1,0)),"")) -> 1 | S91: =IF($Q91="","Sin dato",IF($R91<=CicloObjetivo,"En ciclo",IF($R91-CicloObjetivo<=5,"Vencido 1-5 d",IF($R91-CicloObjetivo<=10,"Vencido 6-10 d",IF($R91-CicloObjetivo<=15,"Vencido 11-15 d","Vencido +15 d"))))) -> En ciclo | T91: =IF($Q91="","Sin dato",IF($R91<VentanaCosecha,"Recién cortado",IF($R91<=CicloObjetivo,"En ciclo","Fuera de ciclo"))) -> Recién cortado | U91: =IF($Q91="","",CicloObjetivo-$R91) -> 11 | V91: =IF($Q91="","",$Q91+CicloObjetivo) -> 46260 | W91: =+X91-1 -> 21 | X91: =+Y91-1 -> 22 | Y91: =+Z91-1 -> 23 | Z91: =+AA91-1 -> 24 | AA91: 25 | AB91: =IF(AA91="","",AA91+1) -> 26 | AC91: =IF(AB91="","",AB91+1) -> 27 | AD91: =IF(AC91="","",AC91+1) -> 28 | AE91: =IF(AD91="","",AD91+1) -> 29 | AF91: =IF(AE91="","",AE91+1) -> 30 | AG91: =IF(AF91="","",AF91+1) -> 31 | AH91: =IF(AG91="","",AG91+1) -> 32 | AI91: =IF(AH91="","",AH91+1) -> 33 | ... AV91: =IF(AU91="","",AU91+1) -> 46 | AW91: 0 | AX91: =IF(AW91="","",AW91+1) -> 1 | AY91: =IF(AX91="","",AX91+1) -> 2 | AZ91: =IF(AY91="","",AY91+1) -> 3 | BA91: =IF(AZ91="","",AZ91+1) -> 4 | BB91: =IF(BA91="","",BA91+1) -> 5 | BC91: =IF(BB91="","",BB91+1) -> 6 | BD91: =IF(BC91="","",BC91+1) -> 7 | BE91: =IF(BD91="","",BD91+1) -> 8 | ... BN91: =IF(BM91="","",BM91+1) -> 17 | BO91: 0 | BP91: =IF(BO91="","",BO91+1) -> 1 | BQ91: =IF(BP91="","",BP91+1) -> 2 | BR91: =IF(BQ91="","",BQ91+1) -> 3 | BS91: =IF(BR91="","",BR91+1) -> 4 | BT91: =IF(BS91="","",BS91+1) -> 5 | BU91: =IF(BT91="","",BT91+1) -> 6 | BV91: =IF(BU91="","",BU91+1) -> 7 | BW91: =IF(BV91="","",BV91+1) -> 8 | ... GX91: =IF(GW91="","",GW91+1) -> 139
A92: Paso Barinas | B92: 5 | C92: Paso Barinas | D92: 4A | E92: Paso Barinas-4A | F92: Deli x La Me | G92: Irho | H92: 2022 | I92: 4 | J92: 11 | K92: 0 | L92: 1375 | M92: 1375 | N92: Palmeras del Casanare | O92: Administrado | P92: Productivo | Q92: =IF(R92="","",'Dashboard Ciclos'!$B$2-R92) -> 46246 | R92: =IF($E92="","",IFERROR(INDEX($W92:$GX92,MATCH('Dashboard Ciclos'!$B$2,$W$1:$GX$1,0)),"")) -> 3 | S92: =IF($Q92="","Sin dato",IF($R92<=CicloObjetivo,"En ciclo",IF($R92-CicloObjetivo<=5,"Vencido 1-5 d",IF($R92-CicloObjetivo<=10,"Vencido 6-10 d",IF($R92-CicloObjetivo<=15,"Vencido 11-15 d","Vencido +15 d"))))) -> En ciclo | T92: =IF($Q92="","Sin dato",IF($R92<VentanaCosecha,"Recién cortado",IF($R92<=CicloObjetivo,"En ciclo","Fuera de ciclo"))) -> Recién cortado | U92: =IF($Q92="","",CicloObjetivo-$R92) -> 9 | V92: =IF($Q92="","",$Q92+CicloObjetivo) -> 46258 | W92: =+X92-1 -> 21 | X92: =+Y92-1 -> 22 | Y92: =+Z92-1 -> 23 | Z92: =+AA92-1 -> 24 | AA92: 25 | AB92: =IF(AA92="","",AA92+1) -> 26 | AC92: =IF(AB92="","",AB92+1) -> 27 | AD92: =IF(AC92="","",AC92+1) -> 28 | AE92: =IF(AD92="","",AD92+1) -> 29 | AF92: =IF(AE92="","",AE92+1) -> 30 | AG92: =IF(AF92="","",AF92+1) -> 31 | AH92: =IF(AG92="","",AG92+1) -> 32 | AI92: =IF(AH92="","",AH92+1) -> 33 | ... AV92: =IF(AU92="","",AU92+1) -> 46 | AW92: 0 | AX92: =IF(AW92="","",AW92+1) -> 1 | AY92: =IF(AX92="","",AX92+1) -> 2 | AZ92: =IF(AY92="","",AY92+1) -> 3 | BA92: =IF(AZ92="","",AZ92+1) -> 4 | BB92: =IF(BA92="","",BA92+1) -> 5 | BC92: =IF(BB92="","",BB92+1) -> 6 | BD92: =IF(BC92="","",BC92+1) -> 7 | BE92: =IF(BD92="","",BD92+1) -> 8 | ... BL92: =IF(BK92="","",BK92+1) -> 15 | BM92: 0 | BN92: =IF(BM92="","",BM92+1) -> 1 | BO92: =IF(BN92="","",BN92+1) -> 2 | BP92: =IF(BO92="","",BO92+1) -> 3 | BQ92: =IF(BP92="","",BP92+1) -> 4 | BR92: =IF(BQ92="","",BQ92+1) -> 5 | BS92: =IF(BR92="","",BR92+1) -> 6 | BT92: =IF(BS92="","",BS92+1) -> 7 | BU92: =IF(BT92="","",BT92+1) -> 8 | ... GX92: =IF(GW92="","",GW92+1) -> 141
A93: Paso Barinas | B93: 5 | C93: Paso Barinas | D93: 5 | E93: Paso Barinas-5 | F93: Deli x La Me | G93: Irho | H93: 2022 | I93: 4 | J93: 10 | K93: 0 | L93: 1436 | M93: 1436 | N93: Palmeras del Casanare | O93: Administrado | P93: Productivo | Q93: =IF(R93="","",'Dashboard Ciclos'!$B$2-R93) -> 46246 | R93: =IF($E93="","",IFERROR(INDEX($W93:$GX93,MATCH('Dashboard Ciclos'!$B$2,$W$1:$GX$1,0)),"")) -> 3 | S93: =IF($Q93="","Sin dato",IF($R93<=CicloObjetivo,"En ciclo",IF($R93-CicloObjetivo<=5,"Vencido 1-5 d",IF($R93-CicloObjetivo<=10,"Vencido 6-10 d",IF($R93-CicloObjetivo<=15,"Vencido 11-15 d","Vencido +15 d"))))) -> En ciclo | T93: =IF($Q93="","Sin dato",IF($R93<VentanaCosecha,"Recién cortado",IF($R93<=CicloObjetivo,"En ciclo","Fuera de ciclo"))) -> Recién cortado | U93: =IF($Q93="","",CicloObjetivo-$R93) -> 9 | V93: =IF($Q93="","",$Q93+CicloObjetivo) -> 46258 | W93: =+X93-1 -> 20 | X93: =+Y93-1 -> 21 | Y93: =+Z93-1 -> 22 | Z93: =+AA93-1 -> 23 | AA93: 24 | AB93: =IF(AA93="","",AA93+1) -> 25 | AC93: =IF(AB93="","",AB93+1) -> 26 | AD93: =IF(AC93="","",AC93+1) -> 27 | AE93: =IF(AD93="","",AD93+1) -> 28 | AF93: =IF(AE93="","",AE93+1) -> 29 | AG93: =IF(AF93="","",AF93+1) -> 30 | AH93: =IF(AG93="","",AG93+1) -> 31 | AI93: =IF(AH93="","",AH93+1) -> 32 | ... AV93: =IF(AU93="","",AU93+1) -> 45 | AW93: 0 | AX93: =IF(AW93="","",AW93+1) -> 1 | AY93: =IF(AX93="","",AX93+1) -> 2 | AZ93: =IF(AY93="","",AY93+1) -> 3 | BA93: =IF(AZ93="","",AZ93+1) -> 4 | BB93: =IF(BA93="","",BA93+1) -> 5 | BC93: =IF(BB93="","",BB93+1) -> 6 | BD93: =IF(BC93="","",BC93+1) -> 7 | BE93: =IF(BD93="","",BD93+1) -> 8 | ... BL93: =IF(BK93="","",BK93+1) -> 15 | BM93: 0 | BN93: =IF(BM93="","",BM93+1) -> 1 | BO93: =IF(BN93="","",BN93+1) -> 2 | BP93: =IF(BO93="","",BO93+1) -> 3 | BQ93: =IF(BP93="","",BP93+1) -> 4 | BR93: =IF(BQ93="","",BQ93+1) -> 5 | BS93: =IF(BR93="","",BR93+1) -> 6 | BT93: =IF(BS93="","",BS93+1) -> 7 | BU93: =IF(BT93="","",BT93+1) -> 8 | ... GX93: =IF(GW93="","",GW93+1) -> 141
A94: Paso Barinas | B94: 5 | C94: Paso Barinas | D94: 5A | E94: Paso Barinas-5A | F94: Deli x La Me | G94: Irho | H94: 2023 | I94: 3 | J94: 24 | K94: 0 | L94: 3371 | M94: 3371 | N94: Palmeras del Casanare | O94: Administrado | P94: Productivo | Q94: =IF(R94="","",'Dashboard Ciclos'!$B$2-R94) -> 46246 | R94: =IF($E94="","",IFERROR(INDEX($W94:$GX94,MATCH('Dashboard Ciclos'!$B$2,$W$1:$GX$1,0)),"")) -> 3 | S94: =IF($Q94="","Sin dato",IF($R94<=CicloObjetivo,"En ciclo",IF($R94-CicloObjetivo<=5,"Vencido 1-5 d",IF($R94-CicloObjetivo<=10,"Vencido 6-10 d",IF($R94-CicloObjetivo<=15,"Vencido 11-15 d","Vencido +15 d"))))) -> En ciclo | T94: =IF($Q94="","Sin dato",IF($R94<VentanaCosecha,"Recién cortado",IF($R94<=CicloObjetivo,"En ciclo","Fuera de ciclo"))) -> Recién cortado | U94: =IF($Q94="","",CicloObjetivo-$R94) -> 9 | V94: =IF($Q94="","",$Q94+CicloObjetivo) -> 46258 | W94: =+X94-1 -> 21 | X94: =+Y94-1 -> 22 | Y94: =+Z94-1 -> 23 | Z94: =+AA94-1 -> 24 | AA94: 25 | AB94: =IF(AA94="","",AA94+1) -> 26 | AC94: =IF(AB94="","",AB94+1) -> 27 | AD94: =IF(AC94="","",AC94+1) -> 28 | AE94: =IF(AD94="","",AD94+1) -> 29 | AF94: =IF(AE94="","",AE94+1) -> 30 | AG94: =IF(AF94="","",AF94+1) -> 31 | AH94: =IF(AG94="","",AG94+1) -> 32 | AI94: =IF(AH94="","",AH94+1) -> 33 | ... AV94: =IF(AU94="","",AU94+1) -> 46 | AW94: 0 | AX94: =IF(AW94="","",AW94+1) -> 1 | AY94: =IF(AX94="","",AX94+1) -> 2 | AZ94: =IF(AY94="","",AY94+1) -> 3 | BA94: =IF(AZ94="","",AZ94+1) -> 4 | BB94: =IF(BA94="","",BA94+1) -> 5 | BC94: =IF(BB94="","",BB94+1) -> 6 | BD94: =IF(BC94="","",BC94+1) -> 7 | BE94: =IF(BD94="","",BD94+1) -> 8 | ... BL94: =IF(BK94="","",BK94+1) -> 15 | BM94: 0 | BN94: =IF(BM94="","",BM94+1) -> 1 | BO94: =IF(BN94="","",BN94+1) -> 2 | BP94: =IF(BO94="","",BO94+1) -> 3 | BQ94: =IF(BP94="","",BP94+1) -> 4 | BR94: =IF(BQ94="","",BQ94+1) -> 5 | BS94: =IF(BR94="","",BR94+1) -> 6 | BT94: =IF(BS94="","",BS94+1) -> 7 | BU94: =IF(BT94="","",BT94+1) -> 8 | ... GX94: =IF(GW94="","",GW94+1) -> 141
A95: Paso Barinas | B95: 5 | C95: Paso Barinas | D95: 6 | E95: Paso Barinas-6 (s2023) | F95: Deli x La Me | G95: Irho | H95: 2023 | I95: 3 | J95: 6 | K95: 0 | L95: 799 | M95: 799 | N95: Palmeras del Casanare | O95: Administrado | P95: En Desarrollo | Q95: =+TODAY()-R95 -> 46245 | R95: =IF($E95="","",IFERROR(INDEX($W95:$GX95,MATCH('Dashboard Ciclos'!$B$2,$W$1:$GX$1,0)),"")) -> 4 | S95: =IF($Q95="","Sin dato",IF($R95<=CicloObjetivo,"En ciclo",IF($R95-CicloObjetivo<=5,"Vencido 1-5 d",IF($R95-CicloObjetivo<=10,"Vencido 6-10 d",IF($R95-CicloObjetivo<=15,"Vencido 11-15 d","Vencido +15 d"))))) -> En ciclo | T95: =IF($Q95="","Sin dato",IF($R95<VentanaCosecha,"Recién cortado",IF($R95<=CicloObjetivo,"En ciclo","Fuera de ciclo"))) -> Recién cortado | U95: =IF($Q95="","",CicloObjetivo-$R95) -> 8 | V95: =IF($Q95="","",$Q95+CicloObjetivo) -> 46257 | W95: =+X95-1 -> 31 | X95: =+Y95-1 -> 32 | Y95: =+Z95-1 -> 33 | Z95: =+AA95-1 -> 34 | AA95: 35 | AB95: =IF(AA95="","",AA95+1) -> 36 | AC95: =IF(AB95="","",AB95+1) -> 37 | AD95: =IF(AC95="","",AC95+1) -> 38 | AE95: =IF(AD95="","",AD95+1) -> 39 | AF95: =IF(AE95="","",AE95+1) -> 40 | AG95: =IF(AF95="","",AF95+1) -> 41 | AH95: =IF(AG95="","",AG95+1) -> 42 | AI95: =IF(AH95="","",AH95+1) -> 43 | ... AV95: =IF(AU95="","",AU95+1) -> 56 | AW95: 0 | AX95: =IF(AW95="","",AW95+1) -> 1 | AY95: =IF(AX95="","",AX95+1) -> 2 | AZ95: =IF(AY95="","",AY95+1) -> 3 | BA95: =IF(AZ95="","",AZ95+1) -> 4 | BB95: =IF(BA95="","",BA95+1) -> 5 | BC95: =IF(BB95="","",BB95+1) -> 6 | BD95: =IF(BC95="","",BC95+1) -> 7 | BE95: =IF(BD95="","",BD95+1) -> 8 | ... BK95: =IF(BJ95="","",BJ95+1) -> 14 | BL95: 0 | BM95: =IF(BL95="","",BL95+1) -> 1 | BN95: =IF(BM95="","",BM95+1) -> 2 | BO95: =IF(BN95="","",BN95+1) -> 3 | BP95: =IF(BO95="","",BO95+1) -> 4 | BQ95: =IF(BP95="","",BP95+1) -> 5 | BR95: =IF(BQ95="","",BQ95+1) -> 6 | BS95: =IF(BR95="","",BR95+1) -> 7 | BT95: =IF(BS95="","",BS95+1) -> 8 | ... GX95: =IF(GW95="","",GW95+1) -> 142
A96: Rines | B96: 5 | C96: Rines | D96: 1 | E96: Rines-1 | F96: Deli x La Me | G96: Irho | H96: 2024 | I96: 2 | J96: 25.03 | K96: 0 | L96: 3598 | M96: 3598 | N96: Palmeras del Casanare | O96: Administrado | P96: En Desarrollo | R96: =IF($E96="","",IFERROR(INDEX($W96:$GX96,MATCH('Dashboard Ciclos'!$B$2,$W$1:$GX$1,0)),"")) | S96: =IF($Q96="","Sin dato",IF($R96<=CicloObjetivo,"En ciclo",IF($R96-CicloObjetivo<=5,"Vencido 1-5 d",IF($R96-CicloObjetivo<=10,"Vencido 6-10 d",IF($R96-CicloObjetivo<=15,"Vencido 11-15 d","Vencido +15 d"))))) -> Sin dato | T96: =IF($Q96="","Sin dato",IF($R96<VentanaCosecha,"Recién cortado",IF($R96<=CicloObjetivo,"En ciclo","Fuera de ciclo"))) -> Sin dato | U96: =IF($Q96="","",CicloObjetivo-$R96) | V96: =IF($Q96="","",$Q96+CicloObjetivo) | W96: =IF(OR($P96<>"Productivo",$Q96="",$Q96>W$1),"",W$1-$Q96) | X96: =IF(W96="","",W96+1) | Y96: =IF(X96="","",X96+1) | Z96: =IF(Y96="","",Y96+1) | AB96: =IF(AA96="","",AA96+1) | AC96: =IF(AB96="","",AB96+1) | AD96: =IF(AC96="","",AC96+1) | AE96: =IF(AD96="","",AD96+1) | AF96: =IF(AE96="","",AE96+1) | AG96: =IF(AF96="","",AF96+1) | AH96: =IF(AG96="","",AG96+1) | AI96: =IF(AH96="","",AH96+1) | ... GX96: =IF(GW96="","",GW96+1)
A97: Rines | B97: 5 | C97: Rines | D97: 2 | E97: Rines-2 | F97: Deli x La Me | G97: Irho | H97: 2024 | I97: 2 | J97: 18.09 | K97: 0 | L97: 2587 | M97: 2587 | N97: Palmeras del Casanare | O97: Administrado | P97: En Desarrollo | R97: =IF($E97="","",IFERROR(INDEX($W97:$GX97,MATCH('Dashboard Ciclos'!$B$2,$W$1:$GX$1,0)),"")) | S97: =IF($Q97="","Sin dato",IF($R97<=CicloObjetivo,"En ciclo",IF($R97-CicloObjetivo<=5,"Vencido 1-5 d",IF($R97-CicloObjetivo<=10,"Vencido 6-10 d",IF($R97-CicloObjetivo<=15,"Vencido 11-15 d","Vencido +15 d"))))) -> Sin dato | T97: =IF($Q97="","Sin dato",IF($R97<VentanaCosecha,"Recién cortado",IF($R97<=CicloObjetivo,"En ciclo","Fuera de ciclo"))) -> Sin dato | U97: =IF($Q97="","",CicloObjetivo-$R97) | V97: =IF($Q97="","",$Q97+CicloObjetivo) | W97: =IF(OR($P97<>"Productivo",$Q97="",$Q97>W$1),"",W$1-$Q97) | X97: =IF(W97="","",W97+1) | Y97: =IF(X97="","",X97+1) | Z97: =IF(Y97="","",Y97+1) | AB97: =IF(AA97="","",AA97+1) | AC97: =IF(AB97="","",AB97+1) | AD97: =IF(AC97="","",AC97+1) | AE97: =IF(AD97="","",AD97+1) | AF97: =IF(AE97="","",AE97+1) | AG97: =IF(AF97="","",AF97+1) | AH97: =IF(AG97="","",AG97+1) | AI97: =IF(AH97="","",AH97+1) | ... GX97: =IF(GW97="","",GW97+1)
A98: Rines | B98: 5 | C98: Rines | D98: 3 | E98: Rines-3 | F98: Deli x La Me | G98: Irho | H98: 2024 | I98: 2 | J98: 18.23 | K98: 0 | L98: 2589 | M98: 2589 | N98: Palmeras del Casanare | O98: Administrado | P98: En Desarrollo | R98: =IF($E98="","",IFERROR(INDEX($W98:$GX98,MATCH('Dashboard Ciclos'!$B$2,$W$1:$GX$1,0)),"")) | S98: =IF($Q98="","Sin dato",IF($R98<=CicloObjetivo,"En ciclo",IF($R98-CicloObjetivo<=5,"Vencido 1-5 d",IF($R98-CicloObjetivo<=10,"Vencido 6-10 d",IF($R98-CicloObjetivo<=15,"Vencido 11-15 d","Vencido +15 d"))))) -> Sin dato | T98: =IF($Q98="","Sin dato",IF($R98<VentanaCosecha,"Recién cortado",IF($R98<=CicloObjetivo,"En ciclo","Fuera de ciclo"))) -> Sin dato | U98: =IF($Q98="","",CicloObjetivo-$R98) | V98: =IF($Q98="","",$Q98+CicloObjetivo) | W98: =IF(OR($P98<>"Productivo",$Q98="",$Q98>W$1),"",W$1-$Q98) | X98: =IF(W98="","",W98+1) | Y98: =IF(X98="","",X98+1) | Z98: =IF(Y98="","",Y98+1) | AB98: =IF(AA98="","",AA98+1) | AC98: =IF(AB98="","",AB98+1) | AD98: =IF(AC98="","",AC98+1) | AE98: =IF(AD98="","",AD98+1) | AF98: =IF(AE98="","",AE98+1) | AG98: =IF(AF98="","",AF98+1) | AH98: =IF(AG98="","",AG98+1) | AI98: =IF(AH98="","",AH98+1) | ... GX98: =IF(GW98="","",GW98+1)
A99: Rines | B99: 5 | C99: Rines | D99: 4 | E99: Rines-4 | F99: Deli x La Me | G99: Irho | H99: 2024 | I99: 2 | J99: 19.09 | K99: 0 | L99: 2709 | M99: 2709 | N99: Palmeras del Casanare | O99: Administrado | P99: En Desarrollo | R99: =IF($E99="","",IFERROR(INDEX($W99:$GX99,MATCH('Dashboard Ciclos'!$B$2,$W$1:$GX$1,0)),"")) | S99: =IF($Q99="","Sin dato",IF($R99<=CicloObjetivo,"En ciclo",IF($R99-CicloObjetivo<=5,"Vencido 1-5 d",IF($R99-CicloObjetivo<=10,"Vencido 6-10 d",IF($R99-CicloObjetivo<=15,"Vencido 11-15 d","Vencido +15 d"))))) -> Sin dato | T99: =IF($Q99="","Sin dato",IF($R99<VentanaCosecha,"Recién cortado",IF($R99<=CicloObjetivo,"En ciclo","Fuera de ciclo"))) -> Sin dato | U99: =IF($Q99="","",CicloObjetivo-$R99) | V99: =IF($Q99="","",$Q99+CicloObjetivo) | W99: =IF(OR($P99<>"Productivo",$Q99="",$Q99>W$1),"",W$1-$Q99) | X99: =IF(W99="","",W99+1) | Y99: =IF(X99="","",X99+1) | Z99: =IF(Y99="","",Y99+1) | AB99: =IF(AA99="","",AA99+1) | AC99: =IF(AB99="","",AB99+1) | AD99: =IF(AC99="","",AC99+1) | AE99: =IF(AD99="","",AD99+1) | AF99: =IF(AE99="","",AE99+1) | AG99: =IF(AF99="","",AF99+1) | AH99: =IF(AG99="","",AG99+1) | AI99: =IF(AH99="","",AH99+1) | ... GX99: =IF(GW99="","",GW99+1)
A100: Rines | B100: 5 | C100: Rines | D100: 5 | E100: Rines-5 | F100: Deli x La Me | G100: Irho | H100: 2024 | I100: 2 | J100: 18.01 | K100: 0 | L100: 2570 | M100: 2570 | N100: Palmeras del Casanare | O100: Administrado | P100: En Desarrollo | R100: =IF($E100="","",IFERROR(INDEX($W100:$GX100,MATCH('Dashboard Ciclos'!$B$2,$W$1:$GX$1,0)),"")) | S100: =IF($Q100="","Sin dato",IF($R100<=CicloObjetivo,"En ciclo",IF($R100-CicloObjetivo<=5,"Vencido 1-5 d",IF($R100-CicloObjetivo<=10,"Vencido 6-10 d",IF($R100-CicloObjetivo<=15,"Vencido 11-15 d","Vencido +15 d"))))) -> Sin dato | T100: =IF($Q100="","Sin dato",IF($R100<VentanaCosecha,"Recién cortado",IF($R100<=CicloObjetivo,"En ciclo","Fuera de ciclo"))) -> Sin dato | U100: =IF($Q100="","",CicloObjetivo-$R100) | V100: =IF($Q100="","",$Q100+CicloObjetivo) | W100: =IF(OR($P100<>"Productivo",$Q100="",$Q100>W$1),"",W$1-$Q100) | X100: =IF(W100="","",W100+1) | Y100: =IF(X100="","",X100+1) | Z100: =IF(Y100="","",Y100+1) | AB100: =IF(AA100="","",AA100+1) | AC100: =IF(AB100="","",AB100+1) | AD100: =IF(AC100="","",AC100+1) | AE100: =IF(AD100="","",AD100+1) | AF100: =IF(AE100="","",AE100+1) | AG100: =IF(AF100="","",AF100+1) | AH100: =IF(AG100="","",AG100+1) | AI100: =IF(AH100="","",AH100+1) | ... GX100: =IF(GW100="","",GW100+1)
...

Sheet Avance Hectáreas
A1: AVANCE DE HECTÁREAS COSECHADAS — CICLOS DE COSECHA
A2: Período: 01-jul-2026 al 10-ago-2026 (41 días) · Fuente: hoja "Registro Diario", filas 2:95 · Un corte se identifica cuando el día de ciclo del lote regresa a 0
A4: RESUMEN DEL PERÍODO
A5: Hás totales de la plantación | C5: =SUM('Registro Diario'!$J$2:$J$95) -> 2336.15
A6: Lotes en seguimiento | C6: =COUNTA('Registro Diario'!$E$2:$E$95) -> 94
A7: Hás recorridas en el período | C7: =SUM($D$13:$D$53) -> 4270.45
A8: Cortes de lote ejecutados (pases) | C8: =SUM($C$13:$C$53) -> 174
A9: Ciclos equivalentes recorridos | C9: =$C$7/$C$5 -> 1.8279862
A10: Hás promedio por día | C10: =AVERAGE($D$13:$D$53) -> 104.15732
A12: Fecha | B12: Día | C12: Lotes cortados | D12: Hás cosechadas | E12: Hás acumuladas | F12: % avance acum. vs total | G12: Media móvil 7d (Hás)
A13: =DATE(2026,7,1) -> 46204 | B13: =TEXT($A13,"ddd") -> mié | C13: {=SUMPRODUCT((INDEX('Registro Diario'!$W$2:$GX$95,0,MATCH($A13,'Registro Diario'!$W$1:$GX$1,0))=0)*('Registro Diario'!$E$2:$E$95<>""))} -> 3 | D13: {=SUMPRODUCT((INDEX('Registro Diario'!$W$2:$GX$95,0,MATCH($A13,'Registro Diario'!$W$1:$GX$1,0))=0)*('Registro Diario'!$E$2:$E$95<>"")*'Registro Diario'!$J$2:$J$95)} -> 36.34 | E13: =SUM($D$13:D13) -> 36.34 | F13: =$E13/$C$5 -> 0.015555508
A14: =A13+1 -> 46205 | B14: =TEXT($A14,"ddd") -> jue | C14: {=SUMPRODUCT((INDEX('Registro Diario'!$W$2:$GX$95,0,MATCH($A14,'Registro Diario'!$W$1:$GX$1,0))=0)*('Registro Diario'!$E$2:$E$95<>""))} -> 4 | D14: {=SUMPRODUCT((INDEX('Registro Diario'!$W$2:$GX$95,0,MATCH($A14,'Registro Diario'!$W$1:$GX$1,0))=0)*('Registro Diario'!$E$2:$E$95<>"")*'Registro Diario'!$J$2:$J$95)} -> 96.37 | E14: =SUM($D$13:D14) -> 132.71 | F14: =$E14/$C$5 -> 0.05680714
A15: =A14+1 -> 46206 | B15: =TEXT($A15,"ddd") -> vie | C15: {=SUMPRODUCT((INDEX('Registro Diario'!$W$2:$GX$95,0,MATCH($A15,'Registro Diario'!$W$1:$GX$1,0))=0)*('Registro Diario'!$E$2:$E$95<>""))} -> 2 | D15: {=SUMPRODUCT((INDEX('Registro Diario'!$W$2:$GX$95,0,MATCH($A15,'Registro Diario'!$W$1:$GX$1,0))=0)*('Registro Diario'!$E$2:$E$95<>"")*'Registro Diario'!$J$2:$J$95)} -> 89.85 | E15: =SUM($D$13:D15) -> 222.56 | F15: =$E15/$C$5 -> 0.095267855
A16: =A15+1 -> 46207 | B16: =TEXT($A16,"ddd") -> sáb | C16: {=SUMPRODUCT((INDEX('Registro Diario'!$W$2:$GX$95,0,MATCH($A16,'Registro Diario'!$W$1:$GX$1,0))=0)*('Registro Diario'!$E$2:$E$95<>""))} -> 3 | D16: {=SUMPRODUCT((INDEX('Registro Diario'!$W$2:$GX$95,0,MATCH($A16,'Registro Diario'!$W$1:$GX$1,0))=0)*('Registro Diario'!$E$2:$E$95<>"")*'Registro Diario'!$J$2:$J$95)} -> 95.5 | E16: =SUM($D$13:D16) -> 318.06 | F16: =$E16/$C$5 -> 0.13614708
A17: =A16+1 -> 46208 | B17: =TEXT($A17,"ddd") -> dom | C17: {=SUMPRODUCT((INDEX('Registro Diario'!$W$2:$GX$95,0,MATCH($A17,'Registro Diario'!$W$1:$GX$1,0))=0)*('Registro Diario'!$E$2:$E$95<>""))} -> 0 | D17: {=SUMPRODUCT((INDEX('Registro Diario'!$W$2:$GX$95,0,MATCH($A17,'Registro Diario'!$W$1:$GX$1,0))=0)*('Registro Diario'!$E$2:$E$95<>"")*'Registro Diario'!$J$2:$J$95)} -> 0 | E17: =SUM($D$13:D17) -> 318.06 | F17: =$E17/$C$5 -> 0.13614708
